Category,Events,Gender,Commits,Effort,Affiliated,Active,Active_bin,Active_Censored,Logivity
Cat-I,Cactus,female,641,11,yes,yes,1,0,18
Cat-I,Cactus,female,500,12,no,no,0,1,24
Cat-I,Cactus,male,495,1,yes,no,0,1,30
Cat-I,Cactus,neutral,438,9,yes,no,0,1,31
Cat-I,Cactus,neutral,409,11,yes,no,0,1,28
Cat-I,Cactus,neutral,334,11,yes,no,0,1,29
Cat-I,Cactus,male,260,11,no,no,0,1,30
Cat-I,Cactus,neutral,240,12,yes,yes,1,0,31
Cat-I,Cactus,neutral,234,9,yes,no,0,1,32
Cat-I,Cactus,neutral,226,3,yes,no,0,1,33
Cat-I,Cactus,neutral,225,6,no,no,0,1,28
Cat-I,Cactus,female,219,9,no,no,0,1,34
Cat-I,Cactus,neutral,219,9,yes,no,0,1,25
Cat-I,Cactus,neutral,217,9,yes,no,0,1,25
Cat-I,Cactus,neutral,217,9,yes,no,0,1,27
Cat-I,Cactus,neutral,198,14,yes,no,0,1,29
Cat-I,Cactus,female,186,9,yes,yes,1,0,18
Cat-I,Cactus,female,184,5,no,no,0,1,18
Cat-I,Cactus,male,177,5,yes,yes,1,0,20
Cat-I,Cactus,male,176,5,yes,yes,1,0,20
Cat-I,Cactus,male,172,5,yes,yes,1,0,22
Cat-I,Cactus,male,171,5,yes,yes,1,0,24
Cat-I,Cactus,male,166,5,no,yes,1,0,24
Cat-I,Cactus,male,161,1,yes,no,0,1,18
Cat-I,Cactus,male,156,1,yes,yes,1,0,30
Cat-I,Cactus,male,155,1,no,yes,1,0,27
Cat-I,Cactus,male,154,3,no,yes,1,0,25
Cat-I,Cactus,male,154,3,yes,yes,1,0,26
Cat-I,Cactus,male,152,9,yes,yes,1,0,27
Cat-I,Cactus,male,152,9,yes,yes,1,0,29
Cat-I,Cactus,neutral,152,9,yes,yes,1,0,30
Cat-I,Cactus,neutral,150,5,no,no,0,1,31
Cat-I,Cactus,neutral,150,3,yes,no,0,1,28
Cat-I,Cactus,male,146,1,yes,no,0,1,29
Cat-I,Cactus,male,142,3,no,no,0,1,20
Cat-I,Cactus,male,141,5,yes,no,0,1,31
Cat-I,Cactus,male,140,1,yes,yes,1,0,32
Cat-I,Cactus,neutral,140,5,yes,yes,1,0,22
Cat-I,Cactus,neutral,134,9,no,yes,1,0,28
Cat-I,Cactus,neutral,132,9,yes,no,0,1,34
Cat-I,Cactus,male,132,9,no,no,0,1,25
Cat-I,Cactus,male,128,14,no,no,0,1,15
Cat-I,Cactus,male,126,14,no,no,0,1,27
Cat-I,Cactus,neutral,124,14,no,yes,1,0,28
Cat-I,Cactus,neutral,119,14,no,yes,1,0,24
Cat-I,Cactus,male,119,14,no,yes,1,0,24
Cat-I,Cactus,neutral,116,17,no,yes,1,0,22
Cat-I,Cactus,neutral,116,15,no,no,0,1,20
Cat-I,Cactus,male,113,19,no,no,0,1,18
Cat-I,Cactus,male,111,25,no,no,0,1,31
Cat-I,Cactus,male,108,19,yes,no,0,1,32
Cat-I,Cactus,male,107,25,yes,yes,1,0,33
Cat-I,Cactus,male,105,25,no,yes,1,0,28
Cat-I,Cactus,male,104,31,yes,yes,1,0,34
Cat-I,Cactus,male,104,31,yes,yes,1,0,25
Cat-I,Cactus,male,103,31,yes,yes,1,0,35
Cat-I,Cactus,male,101,31,yes,yes,1,0,27
Cat-I,Cactus,male,101,42,yes,yes,1,0,29
Cat-I,Cactus,male,100,42,no,yes,1,0,22
Cat-I,Cactus,male,97,62,yes,yes,1,0,24
Cat-I,Cactus,male,94,60,yes,yes,1,0,28
Cat-I,Diablo,female,1417,15,no,yes,1,0,18
Cat-I,Diablo,female,646,5,no,yes,1,0,26
Cat-I,Diablo,female,522,11,yes,yes,1,0,18
Cat-I,Diablo,female,384,7,no,yes,1,0,24
Cat-I,Diablo,female,381,4,no,yes,1,0,28
Cat-I,Diablo,male,347,1,yes,yes,1,0,29
Cat-I,Diablo,male,339,1,no,no,0,1,20
Cat-I,Diablo,male,324,9,yes,no,0,1,31
Cat-I,Diablo,male,312,9,yes,no,0,1,32
Cat-I,Diablo,male,291,9,no,no,0,1,22
Cat-I,Diablo,male,277,9,no,no,0,1,28
Cat-I,Diablo,male,270,9,no,no,0,1,34
Cat-I,Diablo,male,263,9,no,yes,1,0,25
Cat-I,Diablo,neutral,251,9,yes,yes,1,0,15
Cat-I,Diablo,female,238,20,no,yes,1,0,27
Cat-I,Diablo,female,228,7,no,yes,1,0,28
Cat-I,Diablo,neutral,208,1,no,no,0,1,24
Cat-I,Diablo,neutral,194,11,yes,no,0,1,22
Cat-I,Diablo,male,182,9,yes,yes,1,0,22
Cat-I,Diablo,male,182,12,no,yes,1,0,20
Cat-I,Diablo,neutral,181,14,no,no,0,1,18
Cat-I,Diablo,neutral,180,12,no,no,0,1,31
Cat-I,Diablo,neutral,177,14,no,no,0,1,32
Cat-I,Diablo,neutral,176,9,no,no,0,1,33
Cat-I,Diablo,neutral,175,11,no,no,0,1,18
Cat-I,Diablo,neutral,175,9,yes,no,0,1,34
Cat-I,Diablo,neutral,175,9,no,no,0,1,25
Cat-I,Diablo,male,174,6,no,no,0,1,35
Cat-I,Diablo,male,169,9,no,no,0,1,27
Cat-I,Diablo,male,168,5,no,yes,1,0,29
Cat-I,Diablo,male,160,5,no,yes,1,0,22
Cat-I,Diablo,male,156,11,yes,yes,1,0,24
Cat-I,Diablo,male,154,6,yes,yes,1,0,28
Cat-I,Diablo,male,153,9,yes,no,0,1,18
Cat-I,Diablo,male,151,3,yes,no,0,1,26
Cat-I,Diablo,male,149,9,yes,no,0,1,15
Cat-I,Diablo,male,149,9,yes,no,0,1,27
Cat-I,Diablo,male,149,11,yes,no,0,1,28
Cat-I,Diablo,male,144,15,yes,no,0,1,24
Cat-I,Diablo,male,141,9,yes,no,0,1,24
Cat-I,Diablo,male,138,12,yes,no,0,1,22
Cat-I,Diablo,neutral,138,11,yes,no,0,1,20
Cat-I,Diablo,neutral,136,11,yes,no,0,1,18
Cat-I,Diablo,neutral,135,6,no,no,0,1,31
Cat-I,Diablo,neutral,135,1,no,yes,1,0,32
Cat-I,Diablo,neutral,134,12,no,yes,1,0,33
Cat-I,Diablo,neutral,134,1,no,yes,1,0,28
Cat-I,Diablo,neutral,132,0,no,yes,1,0,34
Cat-I,Diablo,neutral,132,0,no,yes,1,0,25
Cat-I,Diablo,neutral,131,9,yes,yes,1,0,35
Cat-I,Diablo,neutral,122,0,yes,yes,1,0,27
Cat-I,Diablo,neutral,122,5,yes,yes,1,0,29
Cat-I,Diablo,male,116,1,yes,yes,1,0,22
Cat-I,Diablo,male,115,14,yes,yes,1,0,24
Cat-I,Diablo,male,115,0,yes,yes,1,0,28
Cat-I,Diablo,male,114,6,yes,yes,1,0,18
Cat-I,Diablo,male,113,1,yes,yes,1,0,26
Cat-I,Diablo,male,112,0,yes,yes,1,0,18
Cat-I,Diablo,male,112,9,yes,yes,1,0,24
Cat-I,Diablo,neutral,111,0,yes,yes,1,0,28
Cat-I,Diablo,male,109,42,yes,yes,1,0,29
Cat-I,Essex,female,528,3,yes,no,0,1,20
Cat-I,Essex,male,425,3,yes,no,0,1,31
Cat-I,Essex,female,406,11,yes,no,0,1,32
Cat-I,Essex,female,404,11,no,no,0,1,22
Cat-I,Essex,female,378,11,yes,no,0,1,28
Cat-I,Essex,female,367,12,yes,yes,1,0,34
Cat-I,Essex,female,310,14,yes,yes,1,0,25
Cat-I,Essex,male,302,15,yes,yes,1,0,15
Cat-I,Essex,male,270,12,yes,yes,1,0,27
Cat-I,Essex,male,262,14,yes,no,0,1,28
Cat-I,Essex,male,255,9,yes,no,0,1,25
Cat-I,Essex,male,252,11,yes,yes,1,0,35
Cat-I,Essex,male,247,11,yes,no,0,1,27
Cat-I,Essex,male,247,5,yes,no,0,1,29
Cat-I,Essex,male,245,6,no,yes,1,0,30
Cat-I,Essex,male,228,9,no,yes,1,0,31
Cat-I,Essex,male,219,9,no,no,0,1,28
Cat-I,Essex,male,213,9,no,no,0,1,29
Cat-I,Essex,male,203,6,no,no,0,1,20
Cat-I,Essex,male,180,5,yes,no,0,1,15
Cat-I,Essex,male,179,6,yes,yes,1,0,27
Cat-I,Essex,male,178,9,no,yes,1,0,28
Cat-I,Essex,male,171,9,no,yes,1,0,24
Cat-I,Essex,male,168,3,no,yes,1,0,24
Cat-I,Essex,male,166,1,no,no,0,1,22
Cat-I,Essex,male,165,1,yes,no,0,1,20
Cat-I,Essex,male,153,3,yes,no,0,1,18
Cat-I,Essex,male,151,5,yes,no,0,1,31
Cat-I,Essex,male,150,6,no,no,0,1,32
Cat-I,Essex,male,150,3,yes,no,0,1,33
Cat-I,Essex,male,150,6,yes,no,0,1,28
Cat-I,Essex,male,146,5,yes,no,0,1,34
Cat-I,Essex,male,146,9,yes,no,0,1,25
Cat-I,Essex,male,145,3,yes,yes,1,0,35
Cat-I,Essex,neutral,144,9,no,yes,1,0,27
Cat-I,Essex,neutral,139,3,no,yes,1,0,29
Cat-I,Essex,neutral,138,3,no,yes,1,0,26
Cat-I,Essex,neutral,136,6,yes,yes,1,0,24
Cat-I,Essex,neutral,135,3,yes,yes,1,0,28
Cat-I,Essex,neutral,134,3,yes,no,0,1,28
Cat-I,Essex,neutral,132,5,yes,no,0,1,26
Cat-I,Essex,neutral,130,6,yes,no,0,1,18
Cat-I,Essex,neutral,127,5,yes,no,0,1,24
Cat-I,Essex,neutral,119,9,yes,no,0,1,28
Cat-I,Essex,neutral,116,9,yes,yes,1,0,29
Cat-I,Essex,neutral,115,9,yes,yes,1,0,20
Cat-I,Essex,neutral,115,9,yes,yes,1,0,28
Cat-I,Essex,neutral,114,3,yes,yes,1,0,32
Cat-I,Essex,neutral,112,5,yes,no,0,1,22
Cat-I,Essex,neutral,112,5,no,no,0,1,28
Cat-I,Essex,neutral,111,11,no,no,0,1,24
Cat-I,Essex,neutral,109,9,no,no,0,1,25
Cat-I,Essex,neutral,109,6,no,yes,1,0,15
Cat-I,Essex,male,106,9,no,no,0,1,27
Cat-I,Essex,male,104,5,no,yes,1,0,28
Cat-I,Essex,male,103,5,no,yes,1,0,29
Cat-I,Essex,neutral,102,11,yes,yes,1,0,30
Cat-I,Essex,neutral,101,37,no,yes,1,0,31
Cat-I,Essex,neutral,100,19,no,yes,1,0,28
Cat-I,Essex,neutral,100,15,no,yes,1,0,29
Cat-I,Essex,neutral,99,71,yes,yes,1,0,26
Cat-I,Folsom,female,649,9,no,no,0,1,31
Cat-I,Folsom,neutral,639,3,no,no,0,1,32
Cat-I,Folsom,neutral,469,3,no,no,0,1,33
Cat-I,Folsom,neutral,383,14,yes,yes,1,0,28
Cat-I,Folsom,neutral,363,9,yes,yes,1,0,34
Cat-I,Folsom,neutral,357,14,yes,yes,1,0,25
Cat-I,Folsom,neutral,323,3,no,no,0,1,35
Cat-I,Folsom,neutral,286,9,no,no,0,1,27
Cat-I,Folsom,neutral,268,12,no,no,0,1,28
Cat-I,Folsom,neutral,252,15,no,no,0,1,29
Cat-I,Folsom,neutral,252,12,no,no,0,1,26
Cat-I,Folsom,neutral,250,12,yes,no,0,1,24
Cat-I,Folsom,neutral,230,12,no,yes,1,0,28
Cat-I,Folsom,neutral,227,6,yes,no,0,1,28
Cat-I,Folsom,neutral,222,9,no,no,0,1,26
Cat-I,Folsom,neutral,219,14,no,no,0,1,18
Cat-I,Folsom,female,211,15,no,no,0,1,24
Cat-I,Folsom,female,205,6,no,yes,1,0,28
Cat-I,Folsom,female,202,9,no,no,0,1,29
Cat-I,Folsom,male,199,3,no,no,0,1,20
Cat-I,Folsom,male,195,14,no,yes,1,0,28
Cat-I,Folsom,female,187,15,yes,yes,1,0,32
Cat-I,Folsom,male,181,3,no,yes,1,0,22
Cat-I,Folsom,male,173,5,no,yes,1,0,28
Cat-I,Folsom,female,168,9,yes,yes,1,0,24
Cat-I,Folsom,female,163,9,yes,no,0,1,25
Cat-I,Folsom,male,161,11,yes,no,0,1,15
Cat-I,Folsom,male,149,9,yes,no,0,1,27
Cat-I,Folsom,neutral,141,9,yes,no,0,1,28
Cat-I,Folsom,male,141,9,yes,no,0,1,29
Cat-I,Folsom,male,139,11,no,no,0,1,22
Cat-I,Folsom,male,138,11,no,yes,1,0,31
Cat-I,Folsom,male,136,12,no,yes,1,0,27
Cat-I,Folsom,male,135,12,no,yes,1,0,29
Cat-I,Folsom,male,132,14,no,yes,1,0,26
Cat-I,Folsom,male,131,5,yes,yes,1,0,24
Cat-I,Folsom,male,129,0,yes,yes,1,0,28
Cat-I,Folsom,male,129,3,yes,yes,1,0,28
Cat-I,Folsom,male,127,1,yes,no,0,1,26
Cat-I,Folsom,male,126,5,yes,no,0,1,28
Cat-I,Folsom,male,126,6,yes,no,0,1,24
Cat-I,Folsom,male,125,9,yes,no,0,1,25
Cat-I,Folsom,male,123,9,yes,no,0,1,15
Cat-I,Folsom,neutral,122,9,yes,no,0,1,27
Cat-I,Folsom,neutral,121,6,no,no,0,1,20
Cat-I,Folsom,neutral,118,5,yes,no,0,1,28
Cat-I,Folsom,neutral,117,6,no,no,0,1,32
Cat-I,Folsom,neutral,117,9,yes,no,0,1,22
Cat-I,Folsom,neutral,117,9,yes,no,0,1,28
Cat-I,Folsom,neutral,117,11,no,yes,1,0,24
Cat-I,Folsom,male,116,9,no,yes,1,0,25
Cat-I,Folsom,male,115,9,yes,yes,1,0,15
Cat-I,Folsom,male,114,9,yes,yes,1,0,27
Cat-I,Folsom,male,113,9,no,yes,1,0,28
Cat-I,Folsom,male,113,6,yes,yes,1,0,29
Cat-I,Folsom,male,113,6,no,yes,1,0,22
Cat-I,Folsom,male,111,6,no,yes,1,0,31
Cat-I,Folsom,neutral,110,1,yes,yes,1,0,27
Cat-I,Folsom,male,109,6,no,yes,1,0,29
Cat-I,Folsom,male,108,6,yes,yes,1,0,26
Cat-I,Folsom,male,107,9,yes,yes,1,0,24
Cat-I,Grizzly,male,1259,6,no,yes,1,0,28
Cat-I,Grizzly,male,850,6,no,no,0,1,28
Cat-I,Grizzly,male,515,3,yes,no,0,1,26
Cat-I,Grizzly,male,449,9,yes,yes,1,0,28
Cat-I,Grizzly,female,426,11,no,yes,1,0,22
Cat-I,Grizzly,female,367,6,no,yes,1,0,22
Cat-I,Grizzly,female,366,9,no,no,0,1,28
Cat-I,Grizzly,female,363,9,yes,yes,1,0,24
Cat-I,Grizzly,female,321,11,no,yes,1,0,25
Cat-I,Grizzly,female,287,5,no,yes,1,0,15
Cat-I,Grizzly,male,268,15,no,no,0,1,22
Cat-I,Grizzly,male,250,9,no,no,0,1,28
Cat-I,Grizzly,male,240,11,yes,no,0,1,24
Cat-I,Grizzly,male,230,11,yes,no,0,1,25
Cat-I,Grizzly,male,226,9,yes,no,0,1,15
Cat-I,Grizzly,male,220,9,yes,no,0,1,27
Cat-I,Grizzly,male,219,6,no,yes,1,0,22
Cat-I,Grizzly,male,213,9,no,no,0,1,28
Cat-I,Grizzly,male,204,9,no,no,0,1,24
Cat-I,Grizzly,male,202,6,no,yes,1,0,25
Cat-I,Grizzly,male,197,14,no,yes,1,0,15
Cat-I,Grizzly,male,195,6,yes,no,0,1,18
Cat-I,Grizzly,male,192,11,no,no,0,1,22
Cat-I,Grizzly,male,182,9,no,no,0,1,24
Cat-I,Grizzly,neutral,176,12,no,yes,1,0,26
Cat-I,Grizzly,male,165,12,no,no,0,1,22
Cat-I,Grizzly,male,165,6,no,yes,1,0,22
Cat-I,Grizzly,male,163,14,no,no,0,1,28
Cat-I,Grizzly,male,160,11,no,no,0,1,24
Cat-I,Grizzly,male,160,9,no,no,0,1,25
Cat-I,Grizzly,neutral,160,9,yes,yes,1,0,15
Cat-I,Grizzly,neutral,159,11,no,yes,1,0,22
Cat-I,Grizzly,neutral,155,11,no,yes,1,0,28
Cat-I,Grizzly,neutral,153,9,no,yes,1,0,24
Cat-I,Grizzly,neutral,150,9,no,yes,1,0,25
Cat-I,Grizzly,neutral,148,9,no,yes,1,0,15
Cat-I,Grizzly,neutral,147,9,no,no,0,1,27
Cat-I,Grizzly,neutral,146,12,no,no,0,1,28
Cat-I,Grizzly,neutral,146,9,no,no,0,1,29
Cat-I,Grizzly,neutral,146,9,no,no,0,1,22
Cat-I,Grizzly,neutral,142,6,no,yes,1,0,22
Cat-I,Grizzly,neutral,140,11,yes,yes,1,0,28
Cat-I,Grizzly,neutral,138,9,yes,yes,1,0,24
Cat-I,Grizzly,neutral,135,9,yes,no,0,1,25
Cat-I,Grizzly,neutral,134,6,yes,no,0,1,15
Cat-I,Grizzly,neutral,130,5,no,no,0,1,22
Cat-I,Grizzly,neutral,129,11,no,yes,1,0,28
Cat-I,Grizzly,male,128,14,yes,yes,1,0,24
Cat-I,Grizzly,neutral,126,6,yes,yes,1,0,25
Cat-I,Grizzly,neutral,124,3,yes,yes,1,0,15
Cat-I,Grizzly,neutral,124,5,yes,yes,1,0,27
Cat-I,Grizzly,male,121,9,yes,yes,1,0,25
Cat-I,Grizzly,male,120,6,yes,no,0,1,35
Cat-I,Grizzly,male,119,11,yes,no,0,1,30
Cat-I,Grizzly,male,117,12,no,no,0,1,22
Cat-I,Grizzly,male,117,9,no,yes,1,0,22
Cat-I,Grizzly,male,116,17,no,yes,1,0,28
Cat-I,Grizzly,male,115,1,no,yes,1,0,24
Cat-I,Grizzly,neutral,110,9,no,no,0,1,25
Cat-I,Grizzly,neutral,109,9,no,yes,1,0,15
Cat-I,Grizzly,male,108,9,yes,yes,1,0,22
Cat-I,Havana,male,543,6,yes,no,0,1,28
Cat-I,Havana,neutral,377,6,no,no,0,1,24
Cat-I,Havana,female,346,10,no,no,0,1,25
Cat-I,Havana,female,323,11,no,no,0,1,15
Cat-I,Havana,female,318,19,no,no,0,1,27
Cat-I,Havana,male,307,3,yes,no,0,1,29
Cat-I,Havana,male,306,11,yes,yes,1,0,22
Cat-I,Havana,female,284,14,yes,yes,1,0,22
Cat-I,Havana,male,279,3,yes,yes,1,0,28
Cat-I,Havana,male,274,5,yes,no,0,1,24
Cat-I,Havana,female,254,18,no,no,0,1,25
Cat-I,Havana,female,239,19,no,no,0,1,15
Cat-I,Havana,male,233,5,no,no,0,1,22
Cat-I,Havana,male,226,9,yes,no,0,1,28
Cat-I,Havana,neutral,210,9,no,no,0,1,24
Cat-I,Havana,male,196,17,no,no,0,1,25
Cat-I,Havana,male,188,6,no,no,0,1,15
Cat-I,Havana,male,177,9,yes,no,0,1,27
Cat-I,Havana,male,172,5,yes,yes,1,0,22
Cat-I,Havana,male,170,9,no,yes,1,0,26
Cat-I,Havana,male,170,11,no,yes,1,0,20
Cat-I,Havana,male,164,3,yes,yes,1,0,18
Cat-I,Havana,male,164,1,yes,yes,1,0,22
Cat-I,Havana,male,164,1,no,yes,1,0,22
Cat-I,Havana,male,162,5,no,no,0,1,28
Cat-I,Havana,female,152,4,yes,no,0,1,24
Cat-I,Havana,male,150,1,yes,no,0,1,25
Cat-I,Havana,male,149,1,yes,no,0,1,15
Cat-I,Havana,male,149,5,yes,no,0,1,22
Cat-I,Havana,male,136,6,yes,no,0,1,28
Cat-I,Havana,neutral,136,9,no,no,0,1,24
Cat-I,Havana,neutral,133,9,no,yes,1,0,25
Cat-I,Havana,neutral,128,1,no,yes,1,0,15
Cat-I,Havana,neutral,125,26,no,yes,1,0,27
Cat-I,Havana,neutral,120,1,no,yes,1,0,25
Cat-I,Havana,male,118,1,no,yes,1,0,24
Cat-I,Havana,neutral,117,1,yes,no,0,1,25
Cat-I,Havana,neutral,117,1,yes,no,0,1,15
Cat-I,Havana,neutral,116,24,yes,no,0,1,18
Cat-I,Havana,neutral,115,3,yes,no,0,1,22
Cat-I,Havana,neutral,115,5,yes,no,0,1,24
Cat-I,Havana,neutral,115,5,yes,no,0,1,26
Cat-I,Havana,neutral,111,6,no,yes,1,0,22
Cat-I,Havana,neutral,111,6,no,yes,1,0,22
Cat-I,Havana,neutral,111,9,no,yes,1,0,28
Cat-I,Havana,neutral,109,5,no,no,0,1,24
Cat-I,Havana,male,108,9,no,no,0,1,25
Cat-I,Havana,male,106,3,no,yes,1,0,15
Cat-I,Havana,male,106,11,yes,yes,1,0,22
Cat-I,Havana,male,105,9,yes,yes,1,0,28
Cat-I,Havana,male,105,9,no,no,0,1,24
Cat-I,Havana,male,104,11,no,yes,1,0,25
Cat-I,Havana,male,104,12,no,yes,1,0,15
Cat-I,Havana,male,103,14,no,no,0,1,27
Cat-I,Havana,male,102,9,no,no,0,1,28
Cat-I,Havana,male,101,6,no,no,0,1,29
Cat-I,Havana,male,99,3,no,no,0,1,22
Cat-I,Havana,neutral,98,3,yes,yes,1,0,22
Cat-I,Havana,neutral,96,6,yes,no,0,1,28
Cat-I,Havana,neutral,96,9,no,yes,1,0,24
Cat-I,Havana,neutral,93,9,no,no,0,1,25
Cat-I,Icehouse,male,821,11,yes,no,0,1,15
Cat-I,Icehouse,male,609,11,yes,yes,1,0,22
Cat-I,Icehouse,male,520,11,yes,yes,1,0,28
Cat-I,Icehouse,male,509,9,yes,no,0,1,24
Cat-I,Icehouse,male,502,9,no,yes,1,0,25
Cat-I,Icehouse,female,427,11,no,yes,1,0,15
Cat-I,Icehouse,female,376,12,no,yes,1,0,27
Cat-I,Icehouse,female,367,9,no,no,0,1,24
Cat-I,Icehouse,male,360,6,no,no,0,1,25
Cat-I,Icehouse,male,357,5,yes,no,0,1,15
Cat-I,Icehouse,female,333,5,yes,no,0,1,18
Cat-I,Icehouse,male,274,5,no,no,0,1,22
Cat-I,Icehouse,male,272,9,yes,no,0,1,24
Cat-I,Icehouse,female,271,9,no,no,0,1,26
Cat-I,Icehouse,female,249,9,yes,no,0,1,22
Cat-I,Icehouse,male,239,11,yes,no,0,1,22
Cat-I,Icehouse,male,235,5,yes,no,0,1,28
Cat-I,Icehouse,neutral,234,5,no,no,0,1,24
Cat-I,Icehouse,neutral,214,5,no,no,0,1,25
Cat-I,Icehouse,neutral,213,11,no,no,0,1,15
Cat-I,Icehouse,neutral,207,9,yes,no,0,1,22
Cat-I,Icehouse,neutral,202,11,no,no,0,1,28
Cat-I,Icehouse,neutral,199,9,yes,no,0,1,24
Cat-I,Icehouse,neutral,199,9,no,no,0,1,25
Cat-I,Icehouse,male,192,11,yes,yes,1,0,15
Cat-I,Icehouse,male,185,6,yes,yes,1,0,27
Cat-I,Icehouse,male,176,9,yes,yes,1,0,28
Cat-I,Icehouse,male,173,9,yes,no,0,1,29
Cat-I,Icehouse,male,169,12,no,no,0,1,22
Cat-I,Icehouse,male,169,6,yes,no,0,1,22
Cat-I,Icehouse,male,168,9,no,no,0,1,15
Cat-I,Icehouse,male,156,11,yes,no,0,1,22
Cat-I,Icehouse,male,155,9,no,no,0,1,28
Cat-I,Icehouse,male,151,5,yes,no,0,1,24
Cat-I,Icehouse,male,151,6,no,no,0,1,25
Cat-I,Icehouse,male,147,9,yes,no,0,1,15
Cat-I,Icehouse,male,139,9,no,no,0,1,24
Cat-I,Icehouse,male,138,9,no,no,0,1,25
Cat-I,Icehouse,male,138,27,no,no,0,1,15
Cat-I,Icehouse,male,135,9,no,no,0,1,27
Cat-I,Icehouse,male,135,30,no,yes,1,0,25
Cat-I,Icehouse,male,133,11,yes,yes,1,0,35
Cat-I,Icehouse,neutral,132,12,no,yes,1,0,30
Cat-I,Icehouse,neutral,129,1,no,yes,1,0,22
Cat-I,Icehouse,neutral,129,12,no,yes,1,0,22
Cat-I,Icehouse,neutral,128,9,no,yes,1,0,28
Cat-I,Icehouse,neutral,127,6,no,yes,1,0,24
Cat-I,Icehouse,neutral,125,9,no,yes,1,0,25
Cat-I,Icehouse,neutral,123,6,yes,yes,1,0,15
Cat-I,Icehouse,male,122,5,yes,yes,1,0,22
Cat-I,Icehouse,male,121,6,no,no,0,1,28
Cat-I,Icehouse,male,120,9,yes,yes,1,0,24
Cat-I,Icehouse,neutral,120,9,yes,yes,1,0,25
Cat-I,Icehouse,neutral,119,19,no,yes,1,0,15
Cat-I,Icehouse,neutral,119,15,yes,yes,1,0,27
Cat-I,Icehouse,male,118,11,yes,yes,1,0,29
Cat-I,Icehouse,neutral,116,5,yes,yes,1,0,22
Cat-I,Icehouse,neutral,115,3,no,yes,1,0,22
Cat-I,Icehouse,neutral,114,5,no,yes,1,0,28
Cat-I,Icehouse,neutral,111,6,no,yes,1,0,24
Cat-I,Icehouse,male,110,3,no,yes,1,0,25
Cat-II,Juno,female,1200,6,yes,yes,1,0,22
Cat-II,Juno,female,105,2,no,yes,1,0,29
Cat-II,Juno,female,998,2,no,yes,1,0,36
Cat-II,Juno,female,890,4,yes,yes,1,0,37
Cat-II,Juno,female,696,5,yes,no,0,1,34
Cat-II,Juno,female,621,5,yes,no,0,1,35
Cat-II,Juno,male,471,1,yes,no,0,1,36
Cat-II,Juno,female,747,3,yes,yes,1,0,37
Cat-II,Juno,neutral,527,5,yes,no,0,1,38
Cat-II,Juno,neutral,521,2,yes,no,0,1,40
Cat-II,Juno,neutral,513,4,no,no,0,1,34
Cat-II,Juno,neutral,512,2,no,no,0,1,41
Cat-II,Juno,female,820,1,yes,no,0,1,30
Cat-II,Juno,neutral,506,4,no,no,0,1,30
Cat-II,Juno,neutral,504,5,yes,yes,1,0,32
Cat-II,Juno,neutral,504,1,no,no,0,1,35
Cat-II,Juno,neutral,485,1,no,yes,1,0,22
Cat-II,Juno,neutral,473,3,no,no,0,1,22
Cat-II,Juno,male,464,4,no,yes,1,0,24
Cat-II,Juno,male,463,3,no,yes,1,0,24
Cat-II,Juno,male,459,3,no,yes,1,0,26
Cat-II,Juno,male,458,3,no,yes,1,0,29
Cat-II,Juno,male,453,4,no,yes,1,0,29
Cat-II,Juno,male,448,5,no,no,0,1,22
Cat-II,Juno,male,443,5,no,yes,1,0,36
Cat-II,Juno,male,442,4,no,yes,1,0,32
Cat-II,Juno,male,441,2,no,yes,1,0,30
Cat-II,Juno,male,441,3,no,yes,1,0,31
Cat-II,Juno,male,439,5,no,yes,1,0,32
Cat-II,Juno,male,439,5,no,yes,1,0,35
Cat-II,Juno,neutral,439,3,no,yes,1,0,36
Cat-II,Juno,neutral,437,3,no,no,0,1,37
Cat-II,Juno,neutral,437,3,no,no,0,1,34
Cat-II,Juno,male,433,2,no,no,0,1,35
Cat-II,Juno,male,429,4,no,no,0,1,24
Cat-II,Juno,male,428,2,no,no,0,1,37
Cat-II,Juno,male,427,5,no,yes,1,0,38
Cat-II,Juno,neutral,427,1,no,yes,1,0,26
Cat-II,Juno,neutral,421,1,no,yes,1,0,34
Cat-II,Juno,neutral,419,2,no,no,0,1,41
Cat-II,Juno,male,419,2,no,no,0,1,30
Cat-II,Juno,male,415,4,no,no,0,1,18
Cat-II,Juno,male,413,5,no,no,0,1,32
Cat-II,Juno,neutral,411,5,yes,yes,1,0,34
Cat-II,Juno,neutral,406,3,yes,yes,1,0,29
Cat-II,Juno,male,406,3,no,yes,1,0,29
Cat-II,Juno,neutral,403,3,yes,yes,1,0,26
Cat-II,Juno,male,403,1,yes,no,0,1,24
Cat-II,Juno,male,400,2,yes,no,0,1,22
Cat-II,Juno,male,398,2,no,no,0,1,37
Cat-II,Juno,male,395,3,yes,no,0,1,38
Cat-II,Juno,neutral,394,4,no,yes,1,0,40
Cat-II,Juno,male,392,5,yes,yes,1,0,34
Cat-II,Juno,male,391,5,yes,yes,1,0,41
Cat-II,Juno,male,391,2,yes,yes,1,0,30
Cat-II,Juno,male,390,2,yes,yes,1,0,42
Cat-II,Juno,male,388,2,yes,yes,1,0,32
Cat-II,Juno,male,388,1,yes,yes,1,0,35
Cat-II,Juno,male,387,2,yes,yes,1,0,26
Cat-II,Juno,male,384,3,yes,yes,1,0,29
Cat-II,Juno,male,381,3,yes,yes,1,0,34
Cat-II,Kilo,female,1704,2,no,yes,1,0,22
Cat-II,Kilo,female,933,2,no,yes,1,0,31
Cat-II,Kilo,neutral,809,5,no,yes,1,0,22
Cat-II,Kilo,female,671,2,no,yes,1,0,29
Cat-II,Kilo,female,668,2,no,yes,1,0,34
Cat-II,Kilo,male,634,4,no,yes,1,0,35
Cat-II,Kilo,male,626,4,no,yes,1,0,24
Cat-II,Kilo,male,611,2,no,yes,1,0,37
Cat-II,Kilo,male,599,4,no,yes,1,0,38
Cat-II,Kilo,male,578,4,no,yes,1,0,26
Cat-II,Kilo,male,564,2,no,yes,1,0,34
Cat-II,Kilo,male,557,4,no,yes,1,0,41
Cat-II,Kilo,male,550,2,no,yes,1,0,30
Cat-II,Kilo,neutral,538,3,no,yes,1,0,18
Cat-II,Kilo,female,525,3,no,yes,1,0,32
Cat-II,Kilo,female,515,2,no,yes,1,0,34
Cat-II,Kilo,male,495,3,yes,no,0,1,29
Cat-II,Kilo,neutral,481,2,yes,no,0,1,26
Cat-II,Kilo,male,469,2,yes,yes,1,0,26
Cat-II,Kilo,male,469,3,yes,yes,1,0,24
Cat-II,Kilo,neutral,468,5,no,no,0,1,22
Cat-II,Kilo,neutral,467,4,no,no,0,1,37
Cat-II,Kilo,neutral,464,2,yes,no,0,1,38
Cat-II,Kilo,neutral,463,2,yes,no,0,1,40
Cat-II,Kilo,neutral,462,4,yes,no,0,1,22
Cat-II,Kilo,neutral,462,2,yes,no,0,1,41
Cat-II,Kilo,neutral,462,2,yes,no,0,1,30
Cat-II,Kilo,male,461,5,yes,no,0,1,42
Cat-II,Kilo,male,456,5,yes,no,0,1,32
Cat-II,Kilo,male,455,5,yes,yes,1,0,35
Cat-II,Kilo,male,447,2,yes,yes,1,0,26
Cat-II,Kilo,male,443,3,yes,yes,1,0,29
Cat-II,Kilo,male,441,4,yes,yes,1,0,34
Cat-II,Kilo,male,440,3,yes,no,0,1,22
Cat-II,Kilo,male,438,2,yes,no,0,1,31
Cat-II,Kilo,male,436,1,yes,no,0,1,18
Cat-II,Kilo,male,436,1,yes,no,0,1,32
Cat-II,Kilo,male,436,4,yes,no,0,1,34
Cat-II,Kilo,male,431,2,no,no,0,1,29
Cat-II,Kilo,male,428,3,no,no,0,1,29
Cat-II,Kilo,male,425,3,no,no,0,1,26
Cat-II,Kilo,neutral,425,5,no,no,0,1,24
Cat-II,Kilo,neutral,423,5,no,no,0,1,22
Cat-II,Kilo,neutral,422,2,no,no,0,1,37
Cat-II,Kilo,neutral,422,1,no,yes,1,0,38
Cat-II,Kilo,neutral,421,2,no,yes,1,0,40
Cat-II,Kilo,neutral,421,1,no,yes,1,0,34
Cat-II,Kilo,neutral,419,2,no,yes,1,0,41
Cat-II,Kilo,neutral,419,2,no,yes,1,0,30
Cat-II,Kilo,neutral,418,3,no,yes,1,0,42
Cat-II,Kilo,neutral,409,5,no,yes,1,0,32
Cat-II,Kilo,neutral,409,5,yes,yes,1,0,35
Cat-II,Kilo,male,403,2,yes,yes,1,0,26
Cat-II,Kilo,male,402,5,yes,yes,1,0,29
Cat-II,Kilo,male,402,5,yes,yes,1,0,34
Cat-II,Kilo,male,401,4,yes,yes,1,0,22
Cat-II,Kilo,male,400,4,yes,yes,1,0,31
Cat-II,Kilo,male,399,3,yes,yes,1,0,22
Cat-II,Kilo,female,399,3,no,yes,1,0,29
Cat-II,Kilo,neutral,398,3,yes,yes,1,0,34
Cat-II,Kilo,male,396,3,yes,yes,1,0,35
Cat-II,Liberty,female,815,3,no,no,0,1,24
Cat-II,Liberty,male,712,4,no,yes,1,0,37
Cat-II,Liberty,female,693,2,no,yes,1,0,38
Cat-II,Liberty,female,691,2,no,yes,1,0,26
Cat-II,Liberty,female,665,5,no,yes,1,0,34
Cat-II,Liberty,female,654,2,yes,yes,1,0,41
Cat-II,Liberty,female,597,3,yes,yes,1,0,30
Cat-II,Liberty,male,589,4,yes,yes,1,0,18
Cat-II,Liberty,male,557,2,yes,yes,1,0,32
Cat-II,Liberty,male,549,2,yes,no,0,1,34
Cat-II,Liberty,male,542,2,yes,no,0,1,30
Cat-II,Liberty,male,539,5,no,yes,1,0,42
Cat-II,Liberty,male,534,2,yes,no,0,1,32
Cat-II,Liberty,male,534,2,yes,no,0,1,35
Cat-II,Liberty,male,532,2,yes,yes,1,0,36
Cat-II,Liberty,male,515,4,no,yes,1,0,37
Cat-II,Liberty,male,506,2,no,no,0,1,34
Cat-II,Liberty,male,500,2,yes,no,0,1,35
Cat-II,Liberty,male,490,3,yes,no,0,1,24
Cat-II,Liberty,male,467,2,yes,no,0,1,18
Cat-II,Liberty,male,466,4,yes,yes,1,0,32
Cat-II,Liberty,male,465,5,yes,yes,1,0,34
Cat-II,Liberty,male,458,3,yes,yes,1,0,29
Cat-II,Liberty,male,455,2,yes,yes,1,0,29
Cat-II,Liberty,male,453,3,yes,no,0,1,26
Cat-II,Liberty,male,452,3,no,no,0,1,24
Cat-II,Liberty,male,440,3,no,no,0,1,22
Cat-II,Liberty,male,438,3,no,no,0,1,37
Cat-II,Liberty,male,437,2,no,no,0,1,38
Cat-II,Liberty,male,437,2,no,no,0,1,40
Cat-II,Liberty,male,437,4,no,no,0,1,34
Cat-II,Liberty,male,433,2,yes,no,0,1,41
Cat-II,Liberty,male,433,2,no,no,0,1,30
Cat-II,Liberty,male,432,3,no,yes,1,0,42
Cat-II,Liberty,neutral,431,3,yes,yes,1,0,32
Cat-II,Liberty,neutral,426,4,no,yes,1,0,35
Cat-II,Liberty,neutral,425,4,yes,yes,1,0,31
Cat-II,Liberty,neutral,423,4,no,yes,1,0,29
Cat-II,Liberty,neutral,422,2,no,yes,1,0,34
Cat-II,Liberty,neutral,421,2,no,no,0,1,34
Cat-II,Liberty,neutral,419,4,yes,no,0,1,31
Cat-II,Liberty,neutral,417,2,no,no,0,1,22
Cat-II,Liberty,neutral,414,2,yes,no,0,1,29
Cat-II,Liberty,neutral,406,2,yes,no,0,1,34
Cat-II,Liberty,neutral,403,3,yes,yes,1,0,35
Cat-II,Liberty,neutral,402,2,yes,yes,1,0,24
Cat-II,Liberty,neutral,402,3,no,yes,1,0,34
Cat-II,Liberty,neutral,401,3,yes,yes,1,0,38
Cat-II,Liberty,neutral,399,3,no,no,0,1,26
Cat-II,Liberty,neutral,399,4,yes,no,0,1,34
Cat-II,Liberty,neutral,398,3,yes,no,0,1,29
Cat-II,Liberty,neutral,396,3,yes,no,0,1,30
Cat-II,Liberty,neutral,396,3,yes,yes,1,0,18
Cat-II,Liberty,female,393,3,yes,no,0,1,32
Cat-II,Liberty,male,391,3,yes,yes,1,0,34
Cat-II,Liberty,male,390,2,yes,yes,1,0,35
Cat-II,Liberty,neutral,389,4,no,yes,1,0,36
Cat-II,Liberty,neutral,388,2,no,yes,1,0,37
Cat-II,Liberty,neutral,387,2,yes,yes,1,0,34
Cat-II,Liberty,neutral,387,4,yes,yes,1,0,35
Cat-II,Liberty,neutral,386,3,no,yes,1,0,31
Cat-II,Mitaka,female,936,4,no,no,0,1,37
Cat-II,Mitaka,neutral,926,3,no,yes,1,0,38
Cat-II,Mitaka,neutral,756,2,no,yes,1,0,40
Cat-II,Mitaka,neutral,670,3,no,yes,1,0,34
Cat-II,Mitaka,neutral,650,2,no,yes,1,0,41
Cat-II,Mitaka,neutral,644,2,no,yes,1,0,30
Cat-II,Mitaka,neutral,610,2,no,no,0,1,42
Cat-II,Mitaka,neutral,573,2,yes,yes,1,0,32
Cat-II,Mitaka,neutral,555,3,no,yes,1,0,34
Cat-II,Mitaka,neutral,539,3,no,yes,1,0,35
Cat-II,Mitaka,neutral,539,3,no,yes,1,0,31
Cat-II,Mitaka,neutral,537,2,no,yes,1,0,29
Cat-II,Mitaka,neutral,517,3,yes,yes,1,0,34
Cat-II,Mitaka,neutral,514,3,no,no,0,1,34
Cat-II,Mitaka,neutral,509,3,no,no,0,1,31
Cat-II,Mitaka,neutral,506,3,no,no,0,1,22
Cat-II,Mitaka,female,498,4,no,no,0,1,29
Cat-II,Mitaka,female,492,4,no,yes,1,0,34
Cat-II,Mitaka,female,489,1,yes,no,0,1,35
Cat-II,Mitaka,male,486,4,no,no,0,1,24
Cat-II,Mitaka,male,482,2,no,yes,1,0,34
Cat-II,Mitaka,female,474,3,no,yes,1,0,38
Cat-II,Mitaka,male,468,2,yes,yes,1,0,26
Cat-II,Mitaka,male,460,3,no,yes,1,0,34
Cat-II,Mitaka,female,455,4,no,yes,1,0,29
Cat-II,Mitaka,female,450,3,yes,no,0,1,30
Cat-II,Mitaka,male,448,2,yes,no,0,1,18
Cat-II,Mitaka,male,436,3,no,no,0,1,32
Cat-II,Mitaka,neutral,428,4,no,no,0,1,34
Cat-II,Mitaka,male,428,3,no,no,0,1,35
Cat-II,Mitaka,male,426,2,no,no,0,1,26
Cat-II,Mitaka,male,425,2,no,yes,1,0,37
Cat-II,Mitaka,male,423,4,no,yes,1,0,32
Cat-II,Mitaka,male,422,4,no,yes,1,0,35
Cat-II,Mitaka,female,419,4,yes,yes,1,0,31
Cat-II,Mitaka,male,418,4,yes,yes,1,0,29
Cat-II,Mitaka,male,416,2,yes,yes,1,0,34
Cat-II,Mitaka,male,416,4,yes,yes,1,0,34
Cat-II,Mitaka,male,414,2,no,no,0,1,31
Cat-II,Mitaka,male,413,2,no,no,0,1,34
Cat-II,Mitaka,male,413,3,no,no,0,1,29
Cat-II,Mitaka,male,412,2,no,no,0,1,30
Cat-II,Mitaka,male,410,2,no,no,0,1,18
Cat-II,Mitaka,neutral,409,3,no,no,0,1,32
Cat-II,Mitaka,neutral,408,2,no,no,0,1,24
Cat-II,Mitaka,neutral,405,2,no,no,0,1,34
Cat-II,Mitaka,neutral,404,3,no,no,0,1,38
Cat-II,Mitaka,neutral,404,2,yes,no,0,1,26
Cat-II,Mitaka,neutral,404,3,yes,no,0,1,34
Cat-II,Mitaka,neutral,404,3,yes,yes,1,0,29
Cat-II,Mitaka,male,403,5,yes,yes,1,0,30
Cat-II,Mitaka,male,402,2,yes,yes,1,0,18
Cat-II,Mitaka,male,401,2,yes,yes,1,0,32
Cat-II,Mitaka,male,400,3,yes,yes,1,0,34
Cat-II,Mitaka,male,400,3,yes,yes,1,0,35
Cat-II,Mitaka,male,400,3,yes,yes,1,0,26
Cat-II,Mitaka,male,398,3,yes,yes,1,0,37
Cat-II,Mitaka,neutral,397,3,yes,yes,1,0,32
Cat-II,Mitaka,neutral,396,2,yes,yes,1,0,35
Cat-II,Mitaka,neutral,395,2,yes,yes,1,0,31
Cat-II,Mitaka,male,394,2,no,yes,1,0,29
Cat-II,Newton,male,1546,5,no,yes,1,0,34
Cat-II,Newton,male,1137,3,no,yes,1,0,34
Cat-II,Newton,male,802,5,no,yes,1,0,31
Cat-II,Newton,male,736,3,no,yes,1,0,34
Cat-II,Newton,female,713,4,no,yes,1,0,26
Cat-II,Newton,female,654,3,no,yes,1,0,26
Cat-II,Newton,female,653,2,no,yes,1,0,34
Cat-II,Newton,female,650,3,no,yes,1,0,29
Cat-II,Newton,female,608,4,no,yes,1,0,30
Cat-II,Newton,female,574,3,no,yes,1,0,18
Cat-II,Newton,male,555,3,no,no,0,1,26
Cat-II,Newton,male,537,3,no,no,0,1,34
Cat-II,Newton,male,527,4,no,no,0,1,29
Cat-II,Newton,male,517,2,yes,no,0,1,30
Cat-II,Newton,male,513,2,yes,yes,1,0,18
Cat-II,Newton,male,507,4,yes,yes,1,0,32
Cat-II,Newton,male,506,3,yes,yes,1,0,26
Cat-II,Newton,male,500,5,no,no,0,1,34
Cat-II,Newton,male,491,2,no,no,0,1,29
Cat-II,Newton,male,489,3,yes,yes,1,0,30
Cat-II,Newton,male,484,5,yes,yes,1,0,18
Cat-II,Newton,male,482,4,yes,no,0,1,22
Cat-II,Newton,male,479,5,yes,no,0,1,26
Cat-II,Newton,male,469,4,yes,no,0,1,29
Cat-II,Newton,neutral,463,3,yes,yes,1,0,31
Cat-II,Newton,male,452,3,yes,no,0,1,26
Cat-II,Newton,male,452,3,no,yes,1,0,26
Cat-II,Newton,male,450,3,yes,no,0,1,34
Cat-II,Newton,male,447,2,yes,no,0,1,29
Cat-II,Newton,male,447,2,yes,no,0,1,30
Cat-II,Newton,neutral,447,5,yes,yes,1,0,18
Cat-II,Newton,neutral,446,6,yes,yes,1,0,26
Cat-II,Newton,neutral,442,4,yes,yes,1,0,34
Cat-II,Newton,neutral,440,5,no,yes,1,0,29
Cat-II,Newton,neutral,437,5,yes,yes,1,0,30
Cat-II,Newton,neutral,435,6,no,yes,1,0,18
Cat-II,Newton,neutral,434,3,yes,no,0,1,32
Cat-II,Newton,neutral,433,2,yes,no,0,1,34
Cat-II,Newton,neutral,433,6,yes,no,0,1,35
Cat-II,Newton,neutral,433,7,no,no,0,1,26
Cat-II,Newton,neutral,429,2,no,yes,1,0,26
Cat-II,Newton,neutral,427,2,no,yes,1,0,34
Cat-II,Newton,neutral,425,2,no,yes,1,0,29
Cat-II,Newton,neutral,422,2,no,no,0,1,30
Cat-II,Newton,neutral,421,3,yes,no,0,1,18
Cat-II,Newton,neutral,417,2,yes,no,0,1,26
Cat-II,Newton,neutral,416,2,yes,yes,1,0,34
Cat-II,Newton,female,415,2,yes,yes,1,0,29
Cat-II,Newton,neutral,413,3,yes,yes,1,0,30
Cat-II,Newton,neutral,411,3,yes,yes,1,0,18
Cat-II,Newton,neutral,411,3,yes,yes,1,0,32
Cat-II,Newton,neutral,408,4,yes,yes,1,0,30
Cat-II,Newton,neutral,407,4,yes,no,0,1,42
Cat-II,Newton,neutral,406,2,yes,no,0,1,36
Cat-II,Newton,neutral,404,4,yes,no,0,1,26
Cat-II,Newton,male,404,2,yes,yes,1,0,26
Cat-II,Newton,male,403,4,yes,yes,1,0,34
Cat-II,Newton,male,402,2,no,yes,1,0,29
Cat-II,Newton,neutral,397,2,yes,no,0,1,30
Cat-II,Newton,neutral,396,5,no,yes,1,0,18
Cat-II,Newton,male,395,4,yes,yes,1,0,26
Cat-II,Ocata,male,830,7,yes,yes,1,0,34
Cat-II,Ocata,neutral,664,4,yes,yes,1,0,29
Cat-II,Ocata,female,633,4,no,yes,1,0,30
Cat-II,Ocata,female,610,5,no,yes,1,0,18
Cat-II,Ocata,female,605,4,no,yes,1,0,32
Cat-II,Ocata,female,594,2,no,yes,1,0,35
Cat-II,Ocata,male,593,2,no,yes,1,0,26
Cat-II,Ocata,female,571,2,yes,yes,1,0,26
Cat-II,Ocata,male,566,2,yes,yes,1,0,34
Cat-II,Ocata,male,561,2,yes,no,0,1,29
Cat-II,Ocata,female,541,2,yes,no,0,1,30
Cat-II,Ocata,female,526,1,yes,no,0,1,18
Cat-II,Ocata,male,520,5,yes,no,0,1,26
Cat-II,Ocata,male,513,2,no,no,0,1,34
Cat-II,Ocata,neutral,497,2,no,no,0,1,29
Cat-II,Ocata,male,483,5,no,no,0,1,30
Cat-II,Ocata,male,475,5,yes,no,0,1,18
Cat-II,Ocata,neutral,464,5,yes,no,0,1,32
Cat-II,Ocata,neutral,459,6,no,yes,1,0,26
Cat-II,Ocata,neutral,457,4,no,yes,1,0,31
Cat-II,Ocata,neutral,457,5,no,yes,1,0,24
Cat-II,Ocata,neutral,451,2,yes,yes,1,0,22
Cat-II,Ocata,male,451,4,yes,yes,1,0,26
Cat-II,Ocata,male,451,5,yes,yes,1,0,26
Cat-II,Ocata,male,449,5,yes,no,0,1,34
Cat-II,Ocata,female,439,1,yes,no,0,1,29
Cat-II,Ocata,male,437,2,yes,no,0,1,30
Cat-II,Ocata,male,436,4,yes,no,0,1,18
Cat-II,Ocata,male,436,2,yes,no,0,1,26
Cat-II,Ocata,male,423,4,no,no,0,1,34
Cat-II,Ocata,neutral,423,2,yes,no,0,1,29
Cat-II,Ocata,neutral,420,2,yes,yes,1,0,30
Cat-II,Ocata,neutral,415,2,yes,yes,1,0,18
Cat-II,Ocata,neutral,412,2,yes,yes,1,0,32
Cat-II,Ocata,neutral,407,1,yes,yes,1,0,30
Cat-II,Ocata,male,405,1,yes,yes,1,0,29
Cat-II,Ocata,neutral,404,3,no,no,0,1,30
Cat-II,Ocata,neutral,404,4,no,no,0,1,18
Cat-II,Ocata,neutral,403,2,no,no,0,1,22
Cat-II,Ocata,neutral,402,2,no,no,0,1,26
Cat-II,Ocata,neutral,402,2,yes,no,0,1,29
Cat-II,Ocata,neutral,402,2,no,no,0,1,31
Cat-II,Ocata,neutral,398,4,no,yes,1,0,26
Cat-II,Ocata,neutral,398,5,no,yes,1,0,26
Cat-II,Ocata,neutral,398,1,no,yes,1,0,34
Cat-II,Ocata,neutral,396,2,yes,no,0,1,29
Cat-II,Ocata,male,395,3,yes,no,0,1,30
Cat-II,Ocata,male,393,3,yes,yes,1,0,18
Cat-II,Ocata,male,393,3,yes,yes,1,0,26
Cat-II,Ocata,male,392,2,yes,yes,1,0,34
Cat-II,Ocata,male,392,2,yes,no,0,1,29
Cat-II,Ocata,male,391,3,yes,yes,1,0,30
Cat-II,Ocata,male,391,2,yes,yes,1,0,18
Cat-II,Ocata,male,390,2,yes,no,0,1,32
Cat-II,Ocata,male,389,3,no,no,0,1,34
Cat-II,Ocata,male,388,3,yes,no,0,1,35
Cat-II,Ocata,male,386,4,no,no,0,1,26
Cat-II,Ocata,neutral,385,2,no,yes,1,0,26
Cat-II,Ocata,neutral,383,3,no,no,0,1,34
Cat-II,Ocata,neutral,383,5,no,yes,1,0,29
Cat-II,Ocata,neutral,380,5,yes,no,0,1,30
Cat-II,Pike,female,1108,4,no,no,0,1,18
Cat-II,Pike,female,896,4,no,yes,1,0,26
Cat-II,Pike,male,807,2,no,yes,1,0,34
Cat-II,Pike,male,796,2,no,no,0,1,29
Cat-II,Pike,male,789,3,no,yes,1,0,30
Cat-II,Pike,female,714,2,yes,yes,1,0,18
Cat-II,Pike,female,663,3,no,yes,1,0,32
Cat-II,Pike,female,654,3,no,no,0,1,29
Cat-II,Pike,male,647,2,no,no,0,1,30
Cat-II,Pike,male,644,4,no,no,0,1,18
Cat-II,Pike,female,620,3,yes,no,0,1,22
Cat-II,Pike,male,561,3,no,yes,1,0,26
Cat-II,Pike,male,559,3,no,yes,1,0,29
Cat-II,Pike,female,558,5,yes,yes,1,0,31
Cat-II,Pike,female,536,3,no,yes,1,0,26
Cat-II,Pike,male,526,2,no,yes,1,0,26
Cat-II,Pike,male,522,2,no,yes,1,0,34
Cat-II,Pike,neutral,521,2,no,yes,1,0,29
Cat-II,Pike,neutral,501,1,no,no,0,1,30
Cat-II,Pike,neutral,500,2,yes,no,0,1,18
Cat-II,Pike,neutral,494,2,no,no,0,1,26
Cat-II,Pike,neutral,489,2,no,no,0,1,34
Cat-II,Pike,neutral,486,2,no,no,0,1,29
Cat-II,Pike,neutral,486,2,yes,no,0,1,30
Cat-II,Pike,neutral,479,1,no,yes,1,0,18
Cat-II,Pike,neutral,472,4,no,yes,1,0,32
Cat-II,Pike,neutral,463,5,no,yes,1,0,34
Cat-II,Pike,neutral,460,4,yes,no,0,1,35
Cat-II,Pike,neutral,456,5,yes,no,0,1,26
Cat-II,Pike,neutral,456,3,yes,no,0,1,26
Cat-II,Pike,neutral,455,2,yes,no,0,1,18
Cat-II,Pike,neutral,443,4,yes,no,0,1,26
Cat-II,Pike,male,442,2,yes,no,0,1,34
Cat-II,Pike,male,438,4,yes,no,0,1,29
Cat-II,Pike,male,438,5,yes,no,0,1,30
Cat-II,Pike,male,434,5,yes,no,0,1,18
Cat-II,Pike,male,426,4,yes,no,0,1,29
Cat-II,Pike,male,425,2,yes,no,0,1,30
Cat-II,Pike,male,425,2,no,no,0,1,18
Cat-II,Pike,male,422,2,yes,no,0,1,32
Cat-II,Pike,male,422,4,yes,yes,1,0,30
Cat-II,Pike,male,420,2,yes,yes,1,0,42
Cat-II,Pike,neutral,419,4,yes,yes,1,0,36
Cat-II,Pike,neutral,416,2,yes,yes,1,0,26
Cat-II,Pike,neutral,416,4,no,yes,1,0,26
Cat-II,Pike,neutral,415,2,yes,yes,1,0,34
Cat-II,Pike,neutral,414,5,yes,yes,1,0,29
Cat-II,Pike,neutral,412,2,yes,yes,1,0,30
Cat-II,Pike,neutral,410,2,yes,yes,1,0,18
Cat-II,Pike,male,409,4,yes,yes,1,0,26
Cat-II,Pike,male,408,2,yes,no,0,1,34
Cat-II,Pike,male,407,2,yes,yes,1,0,29
Cat-II,Pike,neutral,407,5,yes,yes,1,0,30
Cat-II,Pike,neutral,406,5,yes,yes,1,0,18
Cat-II,Pike,neutral,406,2,yes,yes,1,0,32
Cat-II,Pike,male,405,3,yes,yes,1,0,35
Cat-II,Pike,neutral,403,2,yes,yes,1,0,26
Cat-II,Pike,neutral,402,8,yes,yes,1,0,26
Cat-II,Pike,neutral,401,4,yes,yes,1,0,34
Cat-II,Pike,neutral,398,1,yes,yes,1,0,29
Cat-II,Pike,male,397,4,yes,yes,1,0,30