Category,Events,Gender,SZZ_Call,Buggy,Tech_Diversity,ComMitaka,Effort,Affiliated,Active,SZZ,,,,
Cat-2,Juno,female,21.84,140,3,641,11,yes,yes,72.9,,,,
Cat-2,Juno,female,21.8,109,2,500,12,no,yes,9.43,,,,
Cat-2,Juno,male,22.02,109,2,495,1,no,yes,31.98,,,,
Cat-2,Juno,neutral,21.92,96,2,438,9,yes,yes,7.98,,,,
Cat-2,Juno,neutral,22,90,2,409,11,yes,yes,21.13,,,,
Cat-2,Juno,neutral,21.86,73,2,334,11,yes,yes,44.67,,,,
Cat-2,Juno,male,22.31,58,2,260,11,yes,yes,23.11,,,,
Cat-2,Juno,neutral,22.08,53,2,240,12,yes,yes,24.1,,,,
Cat-2,Juno,neutral,22.22,52,1,234,9,yes,yes,24.75,,,,
Cat-2,Juno,neutral,22.12,50,2,226,3,yes,yes,21.76,,,,
Cat-2,Juno,neutral,22.22,50,2,225,6,no,yes,11.21,,,,
Cat-2,Juno,female,22.37,49,1,219,9,no,yes,25.7,,,,
Cat-2,Juno,neutral,22.37,49,1,219,9,yes,yes,26.48,,,,
Cat-2,Juno,neutral,22.12,48,1,217,9,no,yes,42.65,,,,
Cat-2,Juno,neutral,22.12,48,1,217,9,yes,yes,23.2,,,,
Cat-2,Juno,neutral,22.22,44,1,198,14,no,yes,22.18,,,,
Cat-2,Juno,female,22.58,42,1,186,9,no,yes,20.72,,,,
Cat-2,Juno,female,22.28,41,1,184,5,no,yes,19.42,,,,
Cat-2,Juno,male,22.6,40,1,177,5,no,yes,26.23,,,,
Cat-2,Juno,male,22.73,40,1,176,5,no,yes,50.3,,,,
Cat-2,Juno,male,22.67,39,1,172,5,no,yes,21.5,,,,
Cat-2,Juno,male,22.22,38,1,171,5,no,yes,24.64,,,,
Cat-2,Juno,male,22.29,37,2,166,5,no,yes,23.52,,,,
Cat-2,Juno,male,22.36,36,2,161,1,no,yes,20.58,,,,
Cat-2,Juno,male,22.44,35,2,156,1,no,yes,26.34,,,,
Cat-2,Juno,male,22.58,35,2,155,1,no,yes,6.98,,,,
Cat-2,Juno,male,22.73,35,2,154,3,no,yes,20.06,,,,
Cat-2,Juno,male,22.73,35,2,154,3,no,yes,22.07,,,,
Cat-2,Juno,male,23.03,35,2,152,9,no,yes,22.45,,,,
Cat-2,Juno,male,23.03,35,2,152,9,no,yes,20.14,,,,
Cat-2,Juno,neutral,23.03,35,2,152,9,no,yes,27.62,,,,
Cat-2,Juno,neutral,22.67,34,2,150,5,no,yes,22.31,,,,
Cat-2,Juno,neutral,22.67,34,2,150,3,no,yes,21.84,,,,
Cat-2,Juno,male,22.6,33,2,146,1,no,yes,22.91,,,,
Cat-2,Juno,male,22.54,32,2,142,3,no,yes,27.67,,,,
Cat-2,Juno,male,22.7,32,2,141,5,no,yes,22.57,,,,
Cat-2,Juno,male,22.86,32,2,140,1,no,yes,23.33,,,,
Cat-2,Juno,neutral,22.86,32,2,140,5,no,yes,22.28,,,,
Cat-2,Juno,neutral,22.39,30,2,134,9,no,yes,27.36,,,,
Cat-2,Juno,neutral,22.73,30,2,132,9,no,yes,23.08,,,,
Cat-2,Juno,male,22.73,30,2,132,9,no,yes,24.49,,,,
Cat-2,Juno,male,22.66,29,2,128,14,no,yes,18.71,,,,
Cat-2,Juno,male,23.02,29,2,126,14,no,yes,24,,,,
Cat-2,Juno,neutral,22.58,28,2,124,14,yes,yes,20.12,,,,
Cat-2,Juno,neutral,22.69,27,2,119,14,yes,yes,22.81,,,,
Cat-2,Juno,male,22.69,27,2,119,14,no,yes,22.53,,,,
Cat-2,Juno,neutral,23.28,27,2,116,17,yes,yes,22.52,,,,
Cat-2,Juno,neutral,23.28,27,2,116,15,yes,yes,20.18,,,,
Cat-2,Juno,male,23.01,26,2,113,19,yes,yes,25.11,,,,
Cat-2,Juno,male,22.52,25,2,111,25,no,yes,24.87,,,,
Cat-2,Juno,male,22.22,24,2,108,19,yes,yes,20.59,,,,
Cat-2,Juno,male,22.43,24,2,107,25,no,yes,23.24,,,,
Cat-2,Juno,male,22.86,24,2,105,25,yes,yes,25.37,,,,
Cat-2,Juno,male,23.08,24,2,104,31,yes,yes,24.51,,,,
Cat-2,Juno,male,23.08,24,2,104,31,yes,yes,24.44,,,,
Cat-2,Juno,male,23.3,24,2,103,31,yes,yes,21.75,,,,
Cat-2,Juno,male,22.77,23,2,101,31,yes,yes,22,,,,
Cat-2,Juno,male,22.77,23,2,101,42,yes,yes,25.51,,,,
Cat-2,Juno,male,23,23,2,100,42,yes,yes,19.03,,,,
Cat-2,Juno,male,22.68,22,1,97,62,yes,yes,25.74,,,,
Cat-2,Juno,male,23.4,22,1,94,60,yes,yes,24.25,,,,
Cat-2,Kilo,female,21.67,307,1,1417,15,no,yes,20.92,,,,
Cat-2,Kilo,female,21.83,141,1,646,5,no,yes,19.5,,,,
Cat-2,Kilo,female,21.84,114,1,522,11,no,yes,19.6,,,,
Cat-2,Kilo,female,21.88,84,1,384,7,no,yes,20.7,,,,
Cat-2,Kilo,female,22.05,84,1,381,4,no,yes,20.63,,,,
Cat-2,Kilo,male,21.9,76,1,347,1,no,yes,25.84,,,,
Cat-2,Kilo,male,22.12,75,1,339,1,no,yes,18.75,,,,
Cat-2,Kilo,male,21.91,71,1,324,9,no,yes,19.02,,,,
Cat-2,Kilo,male,22.12,69,1,312,9,no,yes,24.61,,,,
Cat-2,Kilo,male,21.99,64,1,291,9,no,yes,21.83,,,,
Cat-2,Kilo,male,22.02,61,1,277,9,no,yes,23.56,,,,
Cat-2,Kilo,male,22.22,60,1,270,9,no,yes,21.62,,,,
Cat-2,Kilo,male,22.05,58,1,263,9,no,yes,21.47,,,,
Cat-2,Kilo,neutral,21.91,55,1,251,9,no,yes,20.62,,,,
Cat-2,Kilo,female,22.27,53,1,238,20,no,yes,22.44,,,,
Cat-2,Kilo,female,21.93,50,1,228,7,no,yes,22.03,,,,
Cat-2,Kilo,neutral,22.12,46,1,208,1,yes,yes,21.78,,,,
Cat-2,Kilo,neutral,22.16,43,1,194,11,yes,yes,23.39,,,,
Cat-2,Kilo,male,22.53,41,1,182,9,yes,yes,19.94,,,,
Cat-2,Kilo,male,22.53,41,1,182,12,yes,yes,24.81,,,,
Cat-2,Kilo,neutral,22.1,40,2,181,14,no,yes,19.58,,,,
Cat-2,Kilo,neutral,22.22,40,2,180,12,no,yes,7.98,,,,
Cat-2,Kilo,neutral,22.6,40,2,177,14,yes,yes,21.25,,,,
Cat-2,Kilo,neutral,22.73,40,2,176,9,yes,yes,22.1,,,,
Cat-2,Kilo,neutral,22.86,40,2,175,11,yes,yes,23.1,,,,
Cat-2,Kilo,neutral,22.86,40,2,175,9,yes,yes,46.98,,,,
Cat-2,Kilo,neutral,22.86,40,2,175,9,yes,yes,20.21,,,,
Cat-2,Kilo,male,22.41,39,1,174,6,yes,yes,24.92,,,,
Cat-2,Kilo,male,22.49,38,1,169,9,yes,yes,18.62,,,,
Cat-2,Kilo,male,22.02,37,1,168,5,yes,yes,21.01,,,,
Cat-2,Kilo,male,22.5,36,1,160,5,yes,yes,20.88,,,,
Cat-2,Kilo,male,22.44,35,1,156,11,yes,yes,20.42,,,,
Cat-2,Kilo,male,22.73,35,1,154,6,yes,yes,16.3,,,,
Cat-2,Kilo,male,22.88,35,1,153,9,yes,yes,25.3,,,,
Cat-2,Kilo,male,22.52,34,1,151,3,yes,yes,22.02,,,,
Cat-2,Kilo,male,22.82,34,1,149,9,yes,yes,21.34,,,,
Cat-2,Kilo,male,22.82,34,1,149,9,yes,yes,23.08,,,,
Cat-2,Kilo,male,22.82,34,1,149,11,yes,yes,20.38,,,,
Cat-2,Kilo,male,22.22,32,1,144,15,no,yes,19.8,,,,
Cat-2,Kilo,male,22.7,32,1,141,9,no,yes,22.52,,,,
Cat-2,Kilo,male,22.46,31,1,138,12,no,yes,20.5,,,,
Cat-2,Kilo,neutral,22.46,31,1,138,11,no,yes,19.89,,,,
Cat-2,Kilo,neutral,22.79,31,1,136,11,no,yes,21.34,,,,
Cat-2,Kilo,neutral,22.96,31,1,135,6,no,yes,21.2,,,,
Cat-2,Kilo,neutral,22.96,31,1,135,1,no,yes,9.97,,,,
Cat-2,Kilo,neutral,22.39,30,1,134,12,no,yes,24.14,,,,
Cat-2,Kilo,neutral,22.39,30,1,134,1,no,yes,23.95,,,,
Cat-2,Kilo,neutral,22.73,30,1,132,0,no,yes,19.93,,,,
Cat-2,Kilo,neutral,22.73,30,1,132,0,no,yes,51.12,,,,
Cat-2,Kilo,neutral,22.9,30,1,131,9,no,yes,21.39,,,,
Cat-2,Kilo,neutral,22.95,28,1,122,0,no,yes,20.65,,,,
Cat-2,Kilo,neutral,22.95,28,1,122,5,yes,yes,20.14,,,,
Cat-2,Kilo,male,23.28,27,1,116,1,yes,yes,23.24,,,,
Cat-2,Kilo,male,23.48,27,1,115,14,yes,yes,20.68,,,,
Cat-2,Kilo,male,23.48,27,1,115,0,yes,yes,20.98,,,,
Cat-2,Kilo,male,22.81,26,1,114,6,yes,yes,20.22,,,,
Cat-2,Kilo,male,23.01,26,1,113,1,yes,yes,17.57,,,,
Cat-2,Kilo,male,23.21,26,1,112,0,yes,yes,20.53,,,,
Cat-2,Kilo,male,23.21,26,1,112,9,no,yes,21.5,,,,
Cat-2,Kilo,neutral,22.52,25,1,111,0,yes,yes,22.1,,,,
Cat-2,Kilo,male,22.94,25,1,109,42,yes,yes,22.44,,,,
Cat-2,Liberty,female,21.78,115,1,528,3,no,yes,23.03,,,,
Cat-2,Liberty,male,22.12,94,1,425,3,no,yes,24.88,,,,
Cat-2,Liberty,female,21.92,89,1,406,11,no,yes,25.08,,,,
Cat-2,Liberty,female,22.03,89,1,404,11,no,yes,23.93,,,,
Cat-2,Liberty,female,21.96,83,1,378,11,no,yes,44,,,,
Cat-2,Liberty,female,22.07,81,1,367,12,yes,yes,27.19,,,,
Cat-2,Liberty,female,21.94,68,1,310,14,yes,yes,24.91,,,,
Cat-2,Liberty,male,22.19,67,1,302,15,yes,yes,11.21,,,,
Cat-2,Liberty,male,22.22,60,1,270,12,yes,yes,40.21,,,,
Cat-2,Liberty,male,22.14,58,1,262,14,yes,yes,25.27,,,,
Cat-2,Liberty,male,22.35,57,1,255,9,yes,yes,22.41,,,,
Cat-2,Liberty,male,22.22,56,1,252,11,no,yes,9.87,,,,
Cat-2,Liberty,male,22.27,55,1,247,11,yes,yes,25.01,,,,
Cat-2,Liberty,male,22.27,55,1,247,5,yes,yes,24.63,,,,
Cat-2,Liberty,male,22.45,55,1,245,6,yes,yes,25.16,,,,
Cat-2,Liberty,male,21.93,50,1,228,9,no,yes,21.35,,,,
Cat-2,Liberty,male,22.37,49,1,219,9,no,yes,20.8,,,,
Cat-2,Liberty,male,22.54,48,1,213,9,yes,yes,24.01,,,,
Cat-2,Liberty,male,22.17,45,1,203,6,yes,yes,23.24,,,,
Cat-2,Liberty,male,22.22,40,1,180,5,yes,yes,22.8,,,,
Cat-2,Liberty,male,22.35,40,1,179,6,yes,yes,23.11,,,,
Cat-2,Liberty,male,22.47,40,1,178,9,yes,yes,25.23,,,,
Cat-2,Liberty,male,22.22,38,1,171,9,yes,yes,24.01,,,,
Cat-2,Liberty,male,22.02,37,1,168,3,yes,yes,23.1,,,,
Cat-2,Liberty,male,22.29,37,1,166,1,yes,yes,7.32,,,,
Cat-2,Liberty,male,22.42,37,1,165,1,no,yes,23.59,,,,
Cat-2,Liberty,male,22.88,35,1,153,3,no,yes,44.98,,,,
Cat-2,Liberty,male,22.52,34,1,151,5,no,yes,25.94,,,,
Cat-2,Liberty,male,22.67,34,1,150,6,no,yes,28.45,,,,
Cat-2,Liberty,male,22.67,34,1,150,3,no,yes,25.82,,,,
Cat-2,Liberty,male,22.67,34,1,150,6,no,yes,23.33,,,,
Cat-2,Liberty,male,22.6,33,1,146,5,yes,yes,21.11,,,,
Cat-2,Liberty,male,22.6,33,1,146,9,no,yes,22.16,,,,
Cat-2,Liberty,male,22.76,33,1,145,3,no,yes,45.43,,,,
Cat-2,Liberty,neutral,22.22,32,1,144,9,yes,yes,19.29,,,,
Cat-2,Liberty,neutral,23.02,32,1,139,3,no,yes,24.96,,,,
Cat-2,Liberty,neutral,22.46,31,1,138,3,yes,yes,24.7,,,,
Cat-2,Liberty,neutral,22.79,31,1,136,6,no,yes,23.85,,,,
Cat-2,Liberty,neutral,22.96,31,1,135,3,no,yes,19.55,,,,
Cat-2,Liberty,neutral,22.39,30,1,134,3,no,yes,26.09,,,,
Cat-2,Liberty,neutral,22.73,30,1,132,5,yes,yes,24,,,,
Cat-2,Liberty,neutral,23.08,30,1,130,6,no,yes,24.42,,,,
Cat-2,Liberty,neutral,22.83,29,1,127,5,yes,yes,25.78,,,,
Cat-2,Liberty,neutral,22.69,27,1,119,9,yes,yes,27.92,,,,
Cat-2,Liberty,neutral,23.28,27,1,116,9,yes,yes,22.49,,,,
Cat-2,Liberty,neutral,23.48,27,1,115,9,yes,yes,20.9,,,,
Cat-2,Liberty,neutral,23.48,27,1,115,9,no,yes,41.67,,,,
Cat-2,Liberty,neutral,22.81,26,1,114,3,yes,yes,23.68,,,,
Cat-2,Liberty,neutral,23.21,26,1,112,5,no,yes,25.39,,,,
Cat-2,Liberty,neutral,23.21,26,1,112,5,yes,yes,42.44,,,,
Cat-2,Liberty,neutral,22.52,25,1,111,11,yes,yes,25.77,,,,
Cat-2,Liberty,neutral,22.94,25,1,109,9,yes,yes,9.98,,,,
Cat-2,Liberty,neutral,22.94,25,1,109,6,yes,yes,11.44,,,,
Cat-2,Liberty,male,22.64,24,1,106,9,yes,yes,25.28,,,,
Cat-2,Liberty,male,23.08,24,1,104,5,yes,yes,14.56,,,,
Cat-2,Liberty,male,23.3,24,1,103,5,yes,yes,41.23,,,,
Cat-2,Liberty,neutral,23.53,24,1,102,11,no,yes,20.92,,,,
Cat-2,Liberty,neutral,22.77,23,1,101,37,no,yes,23.12,,,,
Cat-2,Liberty,neutral,23,23,1,100,19,yes,yes,25.15,,,,
Cat-2,Liberty,neutral,23,23,1,100,15,yes,yes,23.54,,,,
Cat-2,Liberty,neutral,23.23,23,1,99,71,no,yes,21.2,,,,
Cat-2,Mitaka,female,21.88,142,1,649,9,no,yes,27.56,,,,
Cat-2,Mitaka,neutral,21.91,140,1,639,3,no,yes,26.36,,,,
Cat-2,Mitaka,neutral,21.96,103,1,469,3,no,yes,25.34,,,,
Cat-2,Mitaka,neutral,21.93,84,1,383,14,no,yes,42.56,,,,
Cat-2,Mitaka,neutral,22.04,80,1,363,9,no,yes,40.31,,,,
Cat-2,Mitaka,neutral,21.85,78,1,357,14,no,yes,31.22,,,,
Cat-2,Mitaka,neutral,21.98,71,1,323,3,no,yes,25.99,,,,
Cat-2,Mitaka,neutral,22.03,63,1,286,9,yes,yes,21.24,,,,
Cat-2,Mitaka,neutral,22.01,59,1,268,12,no,yes,28.45,,,,
Cat-2,Mitaka,neutral,22.22,56,1,252,15,no,yes,25.69,,,,
Cat-2,Mitaka,neutral,22.22,56,1,252,12,no,yes,25.21,,,,
Cat-2,Mitaka,neutral,22,55,1,250,12,no,yes,25.56,,,,
Cat-2,Mitaka,neutral,22.17,51,1,230,12,yes,yes,24.26,,,,
Cat-2,Mitaka,neutral,22.03,50,1,227,6,no,yes,24.35,,,,
Cat-2,Mitaka,neutral,22.52,50,1,222,9,no,yes,23.75,,,,
Cat-2,Mitaka,neutral,22.37,49,2,219,14,no,yes,22.46,,,,
Cat-2,Mitaka,female,22.27,47,2,211,15,no,yes,27.36,,,,
Cat-2,Mitaka,female,22.44,46,2,205,6,no,yes,24.53,,,,
Cat-2,Mitaka,female,22.28,45,2,202,9,yes,yes,23.69,,,,
Cat-2,Mitaka,male,22.61,45,2,199,3,no,yes,23.32,,,,
Cat-2,Mitaka,male,22.56,44,2,195,14,no,yes,24.88,,,,
Cat-2,Mitaka,female,22.46,42,1,187,15,no,yes,26.97,,,,
Cat-2,Mitaka,male,22.1,40,1,181,3,yes,yes,25.41,,,,
Cat-2,Mitaka,male,22.54,39,1,173,5,no,yes,25.73,,,,
Cat-2,Mitaka,female,22.02,37,1,168,9,no,yes,24.2,,,,
Cat-2,Mitaka,female,22.7,37,1,163,9,yes,yes,26.5,,,,
Cat-2,Mitaka,male,22.36,36,1,161,11,yes,yes,25.31,,,,
Cat-2,Mitaka,male,22.82,34,1,149,9,no,yes,23.07,,,,
Cat-2,Mitaka,neutral,22.7,32,1,141,9,no,yes,25.05,,,,
Cat-2,Mitaka,male,22.7,32,1,141,9,no,yes,26.32,,,,
Cat-2,Mitaka,male,23.02,32,1,139,11,no,yes,23.89,,,,
Cat-2,Mitaka,male,22.46,31,1,138,11,no,yes,5.78,,,,
Cat-2,Mitaka,male,22.79,31,1,136,12,no,yes,21.92,,,,
Cat-2,Mitaka,male,22.96,31,1,135,12,no,yes,43.22,,,,
Cat-2,Mitaka,male,22.73,30,1,132,14,yes,yes,24.12,,,,
Cat-2,Mitaka,male,22.9,30,1,131,5,yes,yes,20.95,,,,
Cat-2,Mitaka,male,23.26,30,1,129,0,yes,yes,27.62,,,,
Cat-2,Mitaka,male,23.26,30,1,129,3,yes,yes,22.46,,,,
Cat-2,Mitaka,male,22.83,29,1,127,1,no,yes,26.03,,,,
Cat-2,Mitaka,male,23.02,29,1,126,5,no,yes,21.82,,,,
Cat-2,Mitaka,male,23.02,29,1,126,6,no,yes,27.03,,,,
Cat-2,Mitaka,male,23.2,29,1,125,9,no,yes,25.54,,,,
Cat-2,Mitaka,male,22.76,28,1,123,9,no,yes,23.15,,,,
Cat-2,Mitaka,neutral,22.95,28,1,122,9,no,yes,24.96,,,,
Cat-2,Mitaka,neutral,22.31,27,1,121,6,no,yes,21.83,,,,
Cat-2,Mitaka,neutral,22.88,27,1,118,5,no,yes,25.64,,,,
Cat-2,Mitaka,neutral,23.08,27,1,117,6,no,yes,27.34,,,,
Cat-2,Mitaka,neutral,23.08,27,1,117,9,yes,yes,24.15,,,,
Cat-2,Mitaka,neutral,23.08,27,1,117,9,yes,yes,24.78,,,,
Cat-2,Mitaka,neutral,23.08,27,1,117,11,yes,yes,27.99,,,,
Cat-2,Mitaka,male,23.28,27,1,116,9,yes,yes,26.79,,,,
Cat-2,Mitaka,male,23.48,27,1,115,9,yes,yes,28.9,,,,
Cat-2,Mitaka,male,22.81,26,1,114,9,yes,yes,23.51,,,,
Cat-2,Mitaka,male,23.01,26,1,113,9,yes,yes,25.69,,,,
Cat-2,Mitaka,male,23.01,26,1,113,6,yes,yes,25.32,,,,
Cat-2,Mitaka,male,23.01,26,1,113,6,yes,yes,25.15,,,,
Cat-2,Mitaka,male,22.52,25,1,111,6,yes,yes,24.31,,,,
Cat-2,Mitaka,neutral,22.73,25,1,110,1,yes,yes,23.76,,,,
Cat-2,Mitaka,male,22.94,25,1,109,6,yes,yes,26.33,,,,
Cat-2,Mitaka,male,22.22,24,1,108,6,yes,yes,25.82,,,,
Cat-2,Mitaka,male,22.43,24,1,107,9,no,yes,26.47,,,,
Cat-2,Newton,male,21.76,274,1,1259,6,no,yes,7.56,,,,
Cat-2,Newton,male,21.76,185,1,850,6,no,yes,45.34,,,,
Cat-2,Newton,male,21.94,113,1,515,3,no,yes,26.09,,,,
Cat-2,Newton,male,22.05,99,1,449,9,no,yes,34.32,,,,
Cat-2,Newton,female,22.07,94,1,426,11,no,yes,35.32,,,,
Cat-2,Newton,female,22.07,81,1,367,6,no,yes,42.33,,,,
Cat-2,Newton,female,22.13,81,1,366,9,no,yes,21.99,,,,
Cat-2,Newton,female,22.04,80,1,363,9,no,yes,21.19,,,,
Cat-2,Newton,female,22.12,71,1,321,11,no,yes,20.57,,,,
Cat-2,Newton,female,21.95,63,1,287,5,no,yes,44.54,,,,
Cat-2,Newton,male,22.01,59,1,268,15,no,yes,45.33,,,,
Cat-2,Newton,male,22,55,1,250,9,no,yes,56.44,,,,
Cat-2,Newton,male,22.08,53,1,240,11,no,yes,20.23,,,,
Cat-2,Newton,male,22.17,51,1,230,11,yes,yes,22.05,,,,
Cat-2,Newton,male,22.12,50,1,226,9,yes,yes,22.89,,,,
Cat-2,Newton,male,22.27,49,1,220,9,yes,yes,22.37,,,,
Cat-2,Newton,male,22.37,49,1,219,6,yes,yes,23.45,,,,
Cat-2,Newton,male,22.54,48,1,213,9,no,yes,19.77,,,,
Cat-2,Newton,male,22.06,45,1,204,9,no,yes,23.18,,,,
Cat-2,Newton,male,22.28,45,1,202,6,yes,yes,23.44,,,,
Cat-2,Newton,male,22.34,44,1,197,14,yes,yes,22.12,,,,
Cat-2,Newton,male,22.56,44,1,195,6,yes,yes,20,,,,
Cat-2,Newton,male,22.4,43,1,192,11,yes,yes,20.09,,,,
Cat-2,Newton,male,22.53,41,1,182,9,yes,yes,23.88,,,,
Cat-2,Newton,neutral,22.73,40,1,176,12,yes,yes,21.97,,,,
Cat-2,Newton,male,22.42,37,1,165,12,yes,yes,21.58,,,,
Cat-2,Newton,male,22.42,37,1,165,6,no,yes,24.65,,,,
Cat-2,Newton,male,22.7,37,1,163,14,yes,yes,23.57,,,,
Cat-2,Newton,male,22.5,36,1,160,11,yes,yes,24.07,,,,
Cat-2,Newton,male,22.5,36,1,160,9,yes,yes,24.76,,,,
Cat-2,Newton,neutral,22.5,36,1,160,9,yes,yes,9.74,,,,
Cat-2,Newton,neutral,22.64,36,1,159,11,yes,yes,19.15,,,,
Cat-2,Newton,neutral,22.58,35,1,155,11,yes,yes,39.97,,,,
Cat-2,Newton,neutral,22.88,35,1,153,9,no,yes,20.23,,,,
Cat-2,Newton,neutral,22.67,34,1,150,9,yes,yes,17.76,,,,
Cat-2,Newton,neutral,22.3,33,1,148,9,no,yes,19.92,,,,
Cat-2,Newton,neutral,22.45,33,1,147,9,yes,yes,20.51,,,,
Cat-2,Newton,neutral,22.6,33,1,146,12,yes,yes,21.57,,,,
Cat-2,Newton,neutral,22.6,33,3,146,9,yes,yes,23.92,,,,
Cat-2,Newton,neutral,22.6,33,3,146,9,no,yes,22.01,,,,
Cat-2,Newton,neutral,22.54,32,3,142,6,no,yes,26.26,,,,
Cat-2,Newton,neutral,22.86,32,3,140,11,no,yes,21.79,,,,
Cat-2,Newton,neutral,22.46,31,3,138,9,no,yes,20.39,,,,
Cat-2,Newton,neutral,22.96,31,3,135,9,no,yes,22.45,,,,
Cat-2,Newton,neutral,22.39,30,3,134,6,yes,yes,23.39,,,,
Cat-2,Newton,neutral,23.08,30,3,130,5,yes,yes,23.51,,,,
Cat-2,Newton,neutral,23.26,30,3,129,11,yes,yes,20.45,,,,
Cat-2,Newton,male,22.66,29,3,128,14,yes,yes,21.26,,,,
Cat-2,Newton,neutral,23.02,29,3,126,6,yes,yes,20.76,,,,
Cat-2,Newton,neutral,22.58,28,3,124,3,yes,yes,23.89,,,,
Cat-2,Newton,neutral,22.58,28,3,124,5,yes,yes,26.27,,,,
Cat-2,Newton,male,22.31,27,2,121,9,yes,yes,23,,,,
Cat-2,Newton,male,22.5,27,2,120,6,yes,yes,21.36,,,,
Cat-2,Newton,male,22.69,27,2,119,11,yes,yes,24.9,,,,
Cat-2,Newton,male,23.08,27,2,117,12,yes,yes,22.88,,,,
Cat-2,Newton,male,23.08,27,1,117,9,yes,yes,18.1,,,,
Cat-2,Newton,male,23.28,27,1,116,17,yes,yes,23.19,,,,
Cat-2,Newton,male,23.48,27,1,115,1,no,yes,21.9,,,,
Cat-2,Newton,neutral,22.73,25,1,110,9,yes,yes,24.13,,,,
Cat-2,Newton,neutral,22.94,25,1,109,9,no,yes,19.36,,,,
Cat-2,Newton,male,22.22,24,1,108,9,yes,yes,23.98,,,,
Cat-2,Ocata,male,21.92,119,1,543,6,yes,yes,21.53,,,,
Cat-2,Ocata,neutral,22.02,83,1,377,6,yes,yes,22.51,,,,
Cat-2,Ocata,female,21.97,76,1,346,10,no,yes,24.07,,,,
Cat-2,Ocata,female,21.98,71,1,323,11,no,yes,24.95,,,,
Cat-2,Ocata,female,22.01,70,1,318,19,no,yes,21.36,,,,
Cat-2,Ocata,male,22.15,68,1,307,3,no,yes,21.93,,,,
Cat-2,Ocata,male,22.22,68,1,306,11,no,yes,20.41,,,,
Cat-2,Ocata,female,22.18,63,1,284,14,yes,yes,20.33,,,,
Cat-2,Ocata,male,22.22,62,1,279,3,yes,yes,17.77,,,,
Cat-2,Ocata,male,21.9,60,1,274,5,yes,yes,8.43,,,,
Cat-2,Ocata,female,22.05,56,1,254,18,yes,yes,39.4,,,,
Cat-2,Ocata,female,22.18,53,1,239,19,yes,yes,21.19,,,,
Cat-2,Ocata,male,22.32,52,1,233,5,yes,yes,23.45,,,,
Cat-2,Ocata,male,22.12,50,1,226,9,no,yes,18.65,,,,
Cat-2,Ocata,neutral,22.38,47,1,210,9,no,yes,23.4,,,,
Cat-2,Ocata,male,22.45,44,1,196,17,no,yes,19.93,,,,
Cat-2,Ocata,male,22.34,42,1,188,6,yes,yes,19.38,,,,
Cat-2,Ocata,male,22.6,40,1,177,9,yes,yes,23.88,,,,
Cat-2,Ocata,male,22.67,39,1,172,5,no,yes,21.08,,,,
Cat-2,Ocata,male,22.35,38,1,170,9,no,yes,27.49,,,,
Cat-2,Ocata,male,22.35,38,1,170,11,no,yes,20.76,,,,
Cat-2,Ocata,male,22.56,37,1,164,3,yes,yes,17.93,,,,
Cat-2,Ocata,male,22.56,37,1,164,1,yes,yes,19.84,,,,
Cat-2,Ocata,male,22.56,37,1,164,1,yes,yes,20.69,,,,
Cat-2,Ocata,male,22.84,37,1,162,5,yes,yes,21.13,,,,
Cat-2,Ocata,female,23.03,35,1,152,4,yes,yes,21.25,,,,
Cat-2,Ocata,male,22.67,34,1,150,1,yes,yes,19.36,,,,
Cat-2,Ocata,male,22.82,34,1,149,1,yes,yes,24.06,,,,
Cat-2,Ocata,male,22.82,34,1,149,5,yes,yes,21.52,,,,
Cat-2,Ocata,male,22.79,31,1,136,6,no,yes,22.05,,,,
Cat-2,Ocata,neutral,22.79,31,1,136,9,yes,yes,19.87,,,,
Cat-2,Ocata,neutral,22.56,30,1,133,9,yes,yes,21.99,,,,
Cat-2,Ocata,neutral,22.66,29,1,128,1,yes,yes,22.39,,,,
Cat-2,Ocata,neutral,23.2,29,1,125,26,yes,yes,21.73,,,,
Cat-2,Ocata,neutral,22.5,27,1,120,1,yes,yes,21.45,,,,
Cat-2,Ocata,male,22.88,27,1,118,1,yes,yes,22.31,,,,
Cat-2,Ocata,neutral,23.08,27,1,117,1,no,yes,20.92,,,,
Cat-2,Ocata,neutral,23.08,27,1,117,1,no,yes,20.93,,,,
Cat-2,Ocata,neutral,23.28,27,1,116,24,no,yes,25.79,,,,
Cat-2,Ocata,neutral,23.48,27,1,115,3,no,yes,23.75,,,,
Cat-2,Ocata,neutral,23.48,27,1,115,5,yes,yes,23.34,,,,
Cat-2,Ocata,neutral,23.48,27,1,115,5,no,yes,19.55,,,,
Cat-2,Ocata,neutral,22.52,25,1,111,6,no,yes,21.05,,,,
Cat-2,Ocata,neutral,22.52,25,1,111,6,no,yes,8.99,,,,
Cat-2,Ocata,neutral,22.52,25,1,111,9,no,yes,21.86,,,,
Cat-2,Ocata,neutral,22.94,25,1,109,5,yes,yes,49.65,,,,
Cat-2,Ocata,male,22.22,24,1,108,9,yes,yes,16.9,,,,
Cat-2,Ocata,male,22.64,24,1,106,3,yes,yes,22.8,,,,
Cat-2,Ocata,male,22.64,24,1,106,11,yes,yes,24.36,,,,
Cat-2,Ocata,male,22.86,24,1,105,9,yes,yes,22.48,,,,
Cat-2,Ocata,male,22.86,24,1,105,9,yes,no,21.6,,,,
Cat-2,Ocata,male,23.08,24,1,104,11,yes,yes,20.89,,,,
Cat-2,Ocata,male,23.08,24,1,104,12,yes,yes,23.15,,,,
Cat-2,Ocata,male,23.3,24,1,103,14,yes,yes,20.32,,,,
Cat-2,Ocata,male,23.53,24,1,102,9,no,yes,23.88,,,,
Cat-2,Ocata,male,22.77,23,1,101,6,yes,yes,19.86,,,,
Cat-2,Ocata,male,23.23,23,1,99,3,no,yes,23.69,,,,
Cat-2,Ocata,neutral,22.45,22,1,98,3,no,yes,22.81,,,,
Cat-2,Ocata,neutral,22.92,22,1,96,6,no,yes,18.73,,,,
Cat-2,Ocata,neutral,22.92,22,1,96,9,no,yes,21.33,,,,
Cat-2,Ocata,neutral,23.66,22,1,93,9,yes,no,21.18,,,,
Cat-2,Pike,male,21.8,179,1,821,11,no,yes,24.96,,,,
Cat-2,Pike,male,21.84,133,1,609,11,no,yes,24.51,,,,
Cat-2,Pike,male,21.92,114,1,520,11,no,yes,23.05,,,,
Cat-2,Pike,male,22,112,1,509,9,no,yes,22.94,,,,
Cat-2,Pike,male,21.91,110,1,502,9,no,yes,25.74,,,,
Cat-2,Pike,female,22.01,94,1,427,11,yes,yes,24.65,,,,
Cat-2,Pike,female,22.07,83,1,376,12,no,yes,24.95,,,,
Cat-2,Pike,female,22.07,81,1,367,9,no,yes,27.33,,,,
Cat-2,Pike,male,21.94,79,1,360,6,no,yes,24.84,,,,
Cat-2,Pike,male,21.85,78,1,357,5,no,yes,23.74,,,,
Cat-2,Pike,female,21.92,73,1,333,5,yes,yes,24.32,,,,
Cat-2,Pike,male,21.9,60,1,274,5,no,yes,24.86,,,,
Cat-2,Pike,male,22.06,60,1,272,9,no,yes,22.28,,,,
Cat-2,Pike,female,22.14,60,1,271,9,yes,yes,24.16,,,,
Cat-2,Pike,female,22.09,55,1,249,9,no,yes,23.61,,,,
Cat-2,Pike,male,22.18,53,1,239,11,no,yes,25.56,,,,
Cat-2,Pike,male,22.55,53,1,235,5,no,yes,24.46,,,,
Cat-2,Pike,neutral,22.22,52,1,234,5,no,yes,22.81,,,,
Cat-2,Pike,neutral,22.43,48,1,214,5,no,yes,24.81,,,,
Cat-2,Pike,neutral,22.54,48,1,213,11,yes,yes,24.57,,,,
Cat-2,Pike,neutral,22.22,46,1,207,9,no,yes,19.58,,,,
Cat-2,Pike,neutral,22.28,45,1,202,11,no,yes,25.99,,,,
Cat-2,Pike,neutral,22.61,45,1,199,9,no,yes,24,,,,
Cat-2,Pike,neutral,22.61,45,1,199,9,yes,yes,26.65,,,,
Cat-2,Pike,male,22.4,43,1,192,11,no,yes,23.82,,,,
Cat-2,Pike,male,22.7,42,1,185,6,no,yes,23.54,,,,
Cat-2,Pike,male,22.73,40,1,176,9,no,yes,23.18,,,,
Cat-2,Pike,male,22.54,39,1,173,9,yes,yes,27.19,,,,
Cat-2,Pike,male,22.49,38,1,169,12,yes,yes,25.04,,,,
Cat-2,Pike,male,22.49,38,1,169,6,yes,yes,23.35,,,,
Cat-2,Pike,male,22.02,37,1,168,9,yes,yes,24.1,,,,
Cat-2,Pike,male,22.44,35,1,156,11,yes,yes,23.54,,,,
Cat-2,Pike,male,22.58,35,1,155,9,yes,yes,24.59,,,,
Cat-2,Pike,male,22.52,34,1,151,5,yes,yes,4.21,,,,
Cat-2,Pike,male,22.52,34,1,151,6,yes,yes,24.56,,,,
Cat-2,Pike,male,22.45,33,1,147,9,yes,yes,24.74,,,,
Cat-2,Pike,male,23.02,32,1,139,9,yes,yes,24.01,,,,
Cat-2,Pike,male,22.46,31,1,138,9,yes,yes,25.62,,,,
Cat-2,Pike,male,22.46,31,1,138,27,no,yes,23.85,,,,
Cat-2,Pike,male,22.96,31,1,135,9,yes,yes,23.71,,,,
Cat-2,Pike,male,22.96,31,1,135,30,yes,yes,21.2,,,,
Cat-2,Pike,male,22.56,30,1,133,11,yes,yes,50.2,,,,
Cat-2,Pike,neutral,22.73,30,1,132,12,yes,yes,22.54,,,,
Cat-2,Pike,neutral,23.26,30,1,129,1,yes,yes,27.34,,,,
Cat-2,Pike,neutral,23.26,30,1,129,12,no,yes,24.69,,,,
Cat-2,Pike,neutral,22.66,29,1,128,9,yes,yes,23.4,,,,
Cat-2,Pike,neutral,22.83,29,1,127,6,yes,yes,24.83,,,,
Cat-2,Pike,neutral,23.2,29,1,125,9,yes,yes,22.93,,,,
Cat-2,Pike,neutral,22.76,28,1,123,6,yes,yes,25.22,,,,
Cat-2,Pike,male,22.95,28,1,122,5,yes,yes,20.14,,,,
Cat-2,Pike,male,22.31,27,1,121,6,yes,no,22.2,,,,
Cat-2,Pike,male,22.5,27,1,120,9,yes,yes,27.4,,,,
Cat-2,Pike,neutral,22.5,27,1,120,9,yes,yes,22.23,,,,
Cat-2,Pike,neutral,22.69,27,1,119,19,yes,yes,25.99,,,,
Cat-2,Pike,neutral,22.69,27,1,119,15,yes,yes,25.68,,,,
Cat-2,Pike,male,22.88,27,1,118,11,yes,yes,22.27,,,,
Cat-2,Pike,neutral,23.28,27,1,116,5,yes,yes,26.52,,,,
Cat-2,Pike,neutral,23.48,27,1,115,3,yes,yes,26.87,,,,
Cat-2,Pike,neutral,22.81,26,1,114,5,yes,yes,24.47,,,,
Cat-2,Pike,neutral,22.52,25,1,111,6,yes,yes,27.62,,,,
Cat-2,Pike,male,22.73,25,1,110,3,yes,yes,23.63,,,,
Cat-3,Juno,female,21.67,146,5,1200,6,yes,yes,19.28,,,,
Cat-3,Juno,female,23.79,15,5,105,2,no,yes,18.85,,,,
Cat-3,Juno,female,21.72,122,5,998,2,no,yes,22.13,,,,
Cat-3,Juno,female,21.75,109,3,890,4,yes,yes,15.73,,,,
Cat-3,Juno,female,21.86,86,3,696,5,yes,yes,21.25,,,,
Cat-3,Juno,female,21.9,77,3,621,5,yes,yes,18.82,,,,
Cat-3,Juno,male,22.03,59,3,471,1,no,yes,16.62,,,,
Cat-3,Juno,female,21.82,92,3,747,3,yes,yes,19.32,,,,
Cat-3,Juno,neutral,21.83,65,3,527,5,yes,yes,17.67,,,,
Cat-3,Juno,neutral,21.98,65,3,521,2,yes,yes,18.24,,,,
Cat-3,Juno,neutral,21.98,64,3,513,4,yes,yes,15.83,,,,
Cat-3,Juno,neutral,21.8,63,3,512,2,yes,yes,17.58,,,,
Cat-3,Juno,female,21.7,100,3,820,1,yes,yes,15.3,,,,
Cat-3,Juno,neutral,21.95,63,3,506,4,yes,yes,17.97,,,,
Cat-3,Juno,neutral,21.8,62,3,504,5,yes,yes,17.66,,,,
Cat-3,Juno,neutral,21.8,62,3,504,1,yes,yes,15.94,,,,
Cat-3,Juno,neutral,21.87,60,3,485,1,yes,yes,17.05,,,,
Cat-3,Juno,neutral,21.97,59,3,473,3,yes,yes,18.39,,,,
Cat-3,Juno,male,22,58,3,464,4,yes,yes,13.91,,,,
Cat-3,Juno,male,22.03,58,3,463,3,yes,yes,19.3,,,,
Cat-3,Juno,male,21.92,57,3,459,3,yes,yes,15.99,,,,
Cat-3,Juno,male,21.95,57,3,458,3,yes,yes,19.22,,,,
Cat-3,Juno,male,21.86,56,3,453,4,yes,yes,17.69,,,,
Cat-3,Juno,male,22,56,3,448,5,yes,yes,22.29,,,,
Cat-3,Juno,male,21.92,55,3,443,5,yes,yes,16.63,,,,
Cat-3,Juno,male,21.94,55,3,442,4,yes,yes,19.81,,,,
Cat-3,Juno,male,21.97,55,3,441,2,yes,yes,18.14,,,,
Cat-3,Juno,male,21.97,55,3,441,3,yes,yes,20.13,,,,
Cat-3,Juno,male,22.03,55,3,439,5,yes,yes,18.17,,,,
Cat-3,Juno,male,22.03,55,3,439,5,yes,yes,17.53,,,,
Cat-3,Juno,neutral,22.03,55,3,439,3,yes,yes,22.26,,,,
Cat-3,Juno,neutral,21.86,54,3,437,3,no,yes,15.83,,,,
Cat-3,Juno,neutral,21.86,54,3,437,3,no,yes,17.58,,,,
Cat-3,Juno,male,21.97,54,3,433,2,yes,yes,15.3,,,,
Cat-3,Juno,male,21.85,53,3,429,4,yes,yes,17.97,,,,
Cat-3,Juno,male,21.88,53,3,428,2,yes,yes,17.66,,,,
Cat-3,Juno,male,21.91,53,3,427,5,yes,yes,15.94,,,,
Cat-3,Juno,neutral,21.91,53,3,427,1,yes,yes,17.05,,,,
Cat-3,Juno,neutral,22.09,53,3,421,1,yes,yes,18.39,,,,
Cat-3,Juno,neutral,21.91,52,3,419,2,yes,yes,13.91,,,,
Cat-3,Juno,male,21.91,52,3,419,2,yes,yes,20.92,,,,
Cat-3,Juno,male,22.03,52,3,415,4,yes,yes,20.74,,,,
Cat-3,Juno,male,22.09,52,3,413,5,yes,yes,17.12,,,,
Cat-3,Juno,neutral,21.91,51,3,411,5,yes,yes,20.7,,,,
Cat-3,Juno,neutral,22.06,51,3,406,3,yes,yes,19.21,,,,
Cat-3,Juno,male,22.06,51,3,406,3,yes,yes,18.66,,,,
Cat-3,Juno,neutral,21.91,50,3,403,3,yes,yes,18.59,,,,
Cat-3,Juno,male,21.91,50,3,403,1,yes,yes,17.06,,,,
Cat-3,Juno,male,22,50,3,400,2,yes,yes,19.99,,,,
Cat-3,Juno,male,22.06,50,3,398,2,yes,yes,20.97,,,,
Cat-3,Juno,male,21.91,49,3,395,3,yes,yes,21.93,,,,
Cat-3,Juno,neutral,21.94,49,3,394,4,yes,yes,19.95,,,,
Cat-3,Juno,male,22,49,3,392,5,yes,yes,17.42,,,,
Cat-3,Juno,male,22.03,49,3,391,5,yes,yes,18.53,,,,
Cat-3,Juno,male,22.03,49,3,391,2,yes,yes,16.92,,,,
Cat-3,Juno,male,22.06,49,3,390,2,yes,yes,20.33,,,,
Cat-3,Juno,male,22.13,49,3,388,2,yes,yes,20.7,,,,
Cat-3,Juno,male,22.13,49,3,388,1,yes,yes,19.81,,,,
Cat-3,Juno,male,21.9,48,3,387,2,yes,yes,18.49,,,,
Cat-3,Juno,male,22,48,3,384,3,yes,yes,21.74,,,,
Cat-3,Juno,male,22.1,48,3,381,3,yes,yes,16.74,,,,
Cat-3,Kilo,female,21.59,206,3,1704,2,yes,yes,15.83,,,,
Cat-3,Kilo,female,21.72,114,3,933,2,yes,yes,17.58,,,,
Cat-3,Kilo,neutral,21.74,99,5,809,5,yes,yes,15.3,,,,
Cat-3,Kilo,female,21.87,83,5,671,2,yes,yes,17.97,,,,
Cat-3,Kilo,female,21.78,82,5,668,2,yes,yes,17.66,,,,
Cat-3,Kilo,male,21.8,78,5,634,4,yes,yes,15.94,,,,
Cat-3,Kilo,male,21.8,77,5,626,4,yes,yes,17.05,,,,
Cat-3,Kilo,male,21.77,75,5,611,2,yes,yes,18.39,,,,
Cat-3,Kilo,male,21.85,74,5,599,4,yes,yes,13.91,,,,
Cat-3,Kilo,male,21.78,71,5,578,4,yes,yes,15.26,,,,
Cat-3,Kilo,male,21.91,70,5,564,2,yes,yes,16.65,,,,
Cat-3,Kilo,male,21.89,69,5,557,4,yes,yes,18.12,,,,
Cat-3,Kilo,male,21.86,68,5,550,2,yes,yes,17.35,,,,
Cat-3,Kilo,neutral,21.95,67,5,538,3,yes,yes,16.27,,,,
Cat-3,Kilo,female,21.88,65,5,525,3,yes,yes,19.29,,,,
Cat-3,Kilo,female,21.93,64,5,515,2,yes,yes,18.85,,,,
Cat-3,Kilo,male,21.82,61,5,495,3,yes,yes,18.22,,,,
Cat-3,Kilo,neutral,21.97,60,5,481,2,yes,yes,14.8,,,,
Cat-3,Kilo,male,21.87,58,5,469,2,yes,yes,19.49,,,,
Cat-3,Kilo,male,21.87,58,5,469,3,yes,yes,15.29,,,,
Cat-3,Kilo,neutral,21.89,58,5,468,5,yes,yes,15.5,,,,
Cat-3,Kilo,neutral,21.92,58,5,467,4,yes,yes,18.53,,,,
Cat-3,Kilo,neutral,22,58,5,464,2,yes,yes,19.67,,,,
Cat-3,Kilo,neutral,22.03,58,5,463,2,yes,yes,15.64,,,,
Cat-3,Kilo,neutral,21.84,57,5,462,4,yes,yes,19.93,,,,
Cat-3,Kilo,neutral,21.84,57,5,462,2,yes,yes,15.16,,,,
Cat-3,Kilo,neutral,21.84,57,5,462,2,yes,yes,16.09,,,,
Cat-3,Kilo,male,21.86,57,5,461,5,yes,yes,16.07,,,,
Cat-3,Kilo,male,22,57,5,456,5,yes,yes,15.7,,,,
Cat-3,Kilo,male,22.03,57,5,455,5,yes,yes,17.93,,,,
Cat-3,Kilo,male,22.03,56,5,447,2,yes,yes,14.74,,,,
Cat-3,Kilo,male,21.92,55,5,443,3,yes,yes,19.98,,,,
Cat-3,Kilo,male,21.97,55,5,441,4,yes,yes,16.88,,,,
Cat-3,Kilo,male,22,55,5,440,3,yes,yes,17.34,,,,
Cat-3,Kilo,male,22.06,55,5,438,2,yes,yes,17.96,,,,
Cat-3,Kilo,male,21.89,54,5,436,1,yes,yes,12.55,,,,
Cat-3,Kilo,male,21.89,54,5,436,1,yes,yes,16.85,,,,
Cat-3,Kilo,male,21.89,54,5,436,4,yes,yes,15.87,,,,
Cat-3,Kilo,male,22.03,54,5,431,2,no,yes,16.19,,,,
Cat-3,Kilo,male,21.88,53,5,428,3,no,yes,13.42,,,,
Cat-3,Kilo,male,21.97,53,5,425,3,no,yes,13.05,,,,
Cat-3,Kilo,neutral,21.97,53,5,425,5,no,yes,15.34,,,,
Cat-3,Kilo,neutral,22.03,53,5,423,5,no,yes,16.86,,,,
Cat-3,Kilo,neutral,22.06,53,5,422,2,no,yes,18.04,,,,
Cat-3,Kilo,neutral,22.06,53,4,422,1,no,yes,15.78,,,,
Cat-3,Kilo,neutral,22.09,53,4,421,2,no,yes,17.76,,,,
Cat-3,Kilo,neutral,22.09,53,4,421,1,no,yes,14.66,,,,
Cat-3,Kilo,neutral,21.91,52,4,419,2,yes,yes,15.61,,,,
Cat-3,Kilo,neutral,21.91,52,4,419,2,yes,yes,15.24,,,,
Cat-3,Kilo,neutral,21.94,52,4,418,3,yes,yes,19.2,,,,
Cat-3,Kilo,neutral,21.97,51,4,409,5,yes,yes,17.96,,,,
Cat-3,Kilo,neutral,21.97,51,4,409,5,yes,yes,16.86,,,,
Cat-3,Kilo,male,21.91,50,4,403,2,yes,yes,15.3,,,,
Cat-3,Kilo,male,21.94,50,4,402,5,yes,yes,14.07,,,,
Cat-3,Kilo,male,21.94,50,4,402,5,yes,yes,15.59,,,,
Cat-3,Kilo,male,21.97,50,4,401,4,yes,yes,19.3,,,,
Cat-3,Kilo,male,22,50,4,400,4,yes,yes,16.71,,,,
Cat-3,Kilo,male,22.03,50,4,399,3,yes,yes,20.31,,,,
Cat-3,Kilo,female,22.03,50,4,399,3,yes,yes,17.84,,,,
Cat-3,Kilo,neutral,22.06,50,4,398,3,yes,yes,16.21,,,,
Cat-3,Kilo,male,22.13,50,4,396,3,yes,yes,18.07,,,,
Cat-3,Liberty,female,22.77,100,4,815,3,yes,yes,18.82,,,,
Cat-3,Liberty,male,22.72,87,4,712,4,yes,yes,15.74,,,,
Cat-3,Liberty,female,23.77,85,4,693,2,yes,yes,19.15,,,,
Cat-3,Liberty,female,21.88,85,4,691,2,yes,yes,18.01,,,,
Cat-3,Liberty,female,21.83,82,4,665,5,yes,yes,14.84,,,,
Cat-3,Liberty,female,21.73,80,4,654,2,yes,yes,10.81,,,,
Cat-3,Liberty,female,21.93,74,4,597,3,yes,yes,17.52,,,,
Cat-3,Liberty,male,21.89,73,4,589,4,yes,yes,16.81,,,,
Cat-3,Liberty,male,21.89,69,4,557,2,yes,yes,18.17,,,,
Cat-3,Liberty,male,21.89,68,4,549,2,yes,yes,18.59,,,,
Cat-3,Liberty,male,21.86,67,4,542,2,yes,yes,16.61,,,,
Cat-3,Liberty,male,21.93,67,3,539,5,yes,yes,17.77,,,,
Cat-3,Liberty,male,21.86,66,3,534,2,yes,yes,14.41,,,,
Cat-3,Liberty,male,21.86,66,3,534,2,yes,yes,17.74,,,,
Cat-3,Liberty,male,21.91,66,3,532,2,yes,yes,16.89,,,,
Cat-3,Liberty,male,21.93,64,3,515,4,yes,yes,15.63,,,,
Cat-3,Liberty,male,21.95,63,3,506,2,yes,yes,15.15,,,,
Cat-3,Liberty,male,21.79,62,3,500,2,yes,yes,16.37,,,,
Cat-3,Liberty,male,21.95,61,3,490,3,yes,yes,20.57,,,,
Cat-3,Liberty,male,21.92,58,3,467,2,yes,yes,15.39,,,,
Cat-3,Liberty,male,21.95,58,3,466,4,yes,yes,18.83,,,,
Cat-3,Liberty,male,21.97,58,3,465,5,yes,yes,15.86,,,,
Cat-3,Liberty,male,21.95,57,3,458,3,yes,yes,10.6,,,,
Cat-3,Liberty,male,22.03,57,3,455,2,yes,yes,16.64,,,,
Cat-3,Liberty,male,21.86,56,3,453,3,yes,yes,18.82,,,,
Cat-3,Liberty,male,21.89,56,3,452,3,yes,yes,15.23,,,,
Cat-3,Liberty,male,22,55,3,440,3,yes,yes,19.3,,,,
Cat-3,Liberty,male,22.06,55,3,438,3,yes,yes,15.99,,,,
Cat-3,Liberty,male,21.86,54,3,437,2,yes,yes,19.22,,,,
Cat-3,Liberty,male,21.86,54,3,437,2,yes,yes,17.69,,,,
Cat-3,Liberty,male,21.86,54,3,437,4,yes,yes,22.29,,,,
Cat-3,Liberty,male,21.97,54,3,433,2,yes,yes,16.63,,,,
Cat-3,Liberty,male,21.97,54,3,433,2,yes,yes,19.81,,,,
Cat-3,Liberty,male,22,54,3,432,3,yes,yes,16.89,,,,
Cat-3,Liberty,neutral,22.03,54,3,431,3,yes,yes,19.35,,,,
Cat-3,Liberty,neutral,21.94,53,3,426,4,yes,yes,22.77,,,,
Cat-3,Liberty,neutral,21.97,53,3,425,4,yes,yes,19.25,,,,
Cat-3,Liberty,neutral,22.03,53,3,423,4,yes,yes,19.06,,,,
Cat-3,Liberty,neutral,22.06,53,3,422,2,yes,yes,21.97,,,,
Cat-3,Liberty,neutral,22.09,53,3,421,2,yes,yes,19.42,,,,
Cat-3,Liberty,neutral,21.91,52,3,419,4,yes,yes,18.31,,,,
Cat-3,Liberty,neutral,21.97,52,3,417,2,yes,yes,20.65,,,,
Cat-3,Liberty,neutral,22.06,52,3,414,2,yes,yes,17.22,,,,
Cat-3,Liberty,neutral,22.06,51,3,406,2,yes,yes,17.46,,,,
Cat-3,Liberty,neutral,21.91,50,3,403,3,yes,yes,18.49,,,,
Cat-3,Liberty,neutral,21.94,50,3,402,2,yes,yes,18.25,,,,
Cat-3,Liberty,neutral,21.94,50,3,402,3,yes,yes,17.44,,,,
Cat-3,Liberty,neutral,21.97,50,3,401,3,yes,yes,20.19,,,,
Cat-3,Liberty,neutral,22.03,50,3,399,3,yes,yes,18.81,,,,
Cat-3,Liberty,neutral,22.03,50,3,399,4,yes,yes,19.8,,,,
Cat-3,Liberty,neutral,22.06,50,3,398,3,yes,yes,24.76,,,,
Cat-3,Liberty,neutral,22.13,50,3,396,3,yes,yes,22.45,,,,
Cat-3,Liberty,neutral,22.13,50,3,396,3,yes,yes,20.83,,,,
Cat-3,Liberty,female,21.97,49,3,393,3,yes,yes,18.81,,,,
Cat-3,Liberty,male,22.03,49,3,391,3,yes,yes,20.77,,,,
Cat-3,Liberty,male,22.06,49,3,390,2,yes,yes,17.21,,,,
Cat-3,Liberty,neutral,22.1,49,3,389,4,yes,yes,19.25,,,,
Cat-3,Liberty,neutral,22.13,49,3,388,2,no,yes,19.99,,,,
Cat-3,Liberty,neutral,22.41,48,3,387,2,yes,yes,20.11,,,,
Cat-3,Liberty,neutral,22.9,48,3,387,4,yes,yes,20.79,,,,
Cat-3,Liberty,neutral,22.14,48,3,386,3,no,yes,13.22,,,,
Cat-3,Mitaka,female,21.68,114,3,936,4,yes,yes,10.78,,,,
Cat-3,Mitaka,neutral,21.7,113,3,926,3,yes,yes,15.71,,,,
Cat-3,Mitaka,neutral,21.8,93,3,756,2,yes,yes,10.11,,,,
Cat-3,Mitaka,neutral,21.74,82,3,670,3,yes,yes,9.23,,,,
Cat-3,Mitaka,neutral,21.81,80,3,650,2,no,yes,7.87,,,,
Cat-3,Mitaka,neutral,21.77,79,3,644,2,yes,yes,15.71,,,,
Cat-3,Mitaka,neutral,21.8,75,3,610,2,no,yes,18.06,,,,
Cat-3,Mitaka,neutral,21.89,71,3,573,2,yes,yes,19.66,,,,
Cat-3,Mitaka,neutral,21.93,69,3,555,3,yes,yes,8.9,,,,
Cat-3,Mitaka,neutral,21.93,67,3,539,3,no,yes,15.71,,,,
Cat-3,Mitaka,neutral,21.93,67,3,539,3,yes,yes,18.24,,,,
Cat-3,Mitaka,neutral,21.79,66,3,537,2,yes,yes,17.02,,,,
Cat-3,Mitaka,neutral,21.88,64,3,517,3,yes,yes,18.29,,,,
Cat-3,Mitaka,neutral,21.95,64,3,514,3,no,yes,19.63,,,,
Cat-3,Mitaka,neutral,21.88,63,3,509,3,yes,yes,18.63,,,,
Cat-3,Mitaka,neutral,21.95,63,3,506,3,no,yes,20,,,,
Cat-3,Mitaka,female,21.95,62,3,498,4,no,yes,20.28,,,,
Cat-3,Mitaka,female,21.9,61,3,492,4,yes,yes,18.2,,,,
Cat-3,Mitaka,female,21.97,61,3,489,1,yes,yes,15.71,,,,
Cat-3,Mitaka,male,21.85,60,3,486,4,yes,yes,20.77,,,,
Cat-3,Mitaka,male,21.95,60,3,482,2,no,yes,18.44,,,,
Cat-3,Mitaka,female,21.95,59,2,474,3,no,yes,19.36,,,,
Cat-3,Mitaka,male,21.89,58,2,468,2,yes,yes,16.51,,,,
Cat-3,Mitaka,male,21.89,57,2,460,3,no,yes,15.71,,,,
Cat-3,Mitaka,female,22.03,57,2,455,4,no,yes,17.6,,,,
Cat-3,Mitaka,female,21.94,56,2,450,3,yes,yes,17.89,,,,
Cat-3,Mitaka,male,22,56,2,448,2,yes,yes,15.51,,,,
Cat-3,Mitaka,male,21.89,54,2,436,3,no,yes,20.38,,,,
Cat-3,Mitaka,neutral,21.88,53,2,428,4,no,yes,15.71,,,,
Cat-3,Mitaka,male,21.88,53,2,428,3,no,yes,16.58,,,,
Cat-3,Mitaka,male,21.94,53,2,426,2,no,yes,41.23,,,,
Cat-3,Mitaka,male,21.97,53,2,425,2,no,yes,40.67,,,,
Cat-3,Mitaka,male,22.03,53,2,423,4,no,yes,42.11,,,,
Cat-3,Mitaka,male,22.06,53,2,422,4,no,yes,17.97,,,,
Cat-3,Mitaka,female,21.91,52,2,419,4,yes,yes,19.16,,,,
Cat-3,Mitaka,male,21.94,52,2,418,4,yes,yes,17.83,,,,
Cat-3,Mitaka,male,22,52,2,416,2,yes,yes,21.19,,,,
Cat-3,Mitaka,male,22,52,2,416,4,yes,yes,16.2,,,,
Cat-3,Mitaka,male,22.06,52,2,414,2,yes,yes,18.48,,,,
Cat-3,Mitaka,male,22.09,52,2,413,2,yes,yes,18.72,,,,
Cat-3,Mitaka,male,22.09,52,2,413,3,yes,yes,17.11,,,,
Cat-3,Mitaka,male,21.88,51,2,412,2,yes,yes,21.18,,,,
Cat-3,Mitaka,male,21.94,51,2,410,2,yes,yes,18.84,,,,
Cat-3,Mitaka,neutral,21.97,51,2,409,3,yes,yes,15.21,,,,
Cat-3,Mitaka,neutral,22,51,2,408,2,yes,yes,16.74,,,,
Cat-3,Mitaka,neutral,22.09,51,2,405,2,yes,yes,19.61,,,,
Cat-3,Mitaka,neutral,21.88,50,2,404,3,yes,yes,15.71,,,,
Cat-3,Mitaka,neutral,21.88,50,2,404,2,yes,yes,18.81,,,,
Cat-3,Mitaka,neutral,21.88,50,2,404,3,yes,yes,17.38,,,,
Cat-3,Mitaka,neutral,21.88,50,2,404,3,yes,yes,19.46,,,,
Cat-3,Mitaka,male,21.91,50,2,403,5,yes,yes,16.14,,,,
Cat-3,Mitaka,male,21.94,50,2,402,2,yes,yes,22.83,,,,
Cat-3,Mitaka,male,21.97,50,2,401,2,yes,yes,17.79,,,,
Cat-3,Mitaka,male,22,50,2,400,3,yes,yes,16.36,,,,
Cat-3,Mitaka,male,22,50,2,400,3,yes,yes,17.45,,,,
Cat-3,Mitaka,male,22,50,2,400,3,yes,yes,17.5,,,,
Cat-3,Mitaka,male,22.06,50,2,398,3,yes,yes,22.48,,,,
Cat-3,Mitaka,neutral,22.09,50,2,397,3,yes,yes,19.42,,,,
Cat-3,Mitaka,neutral,22.13,50,2,396,2,yes,yes,18.19,,,,
Cat-3,Mitaka,neutral,21.91,49,2,395,2,yes,yes,20.29,,,,
Cat-3,Mitaka,male,21.94,49,2,394,2,no,yes,21.21,,,,
Cat-3,Newton,male,21.66,188,2,1546,5,no,yes,19.24,,,,
Cat-3,Newton,male,21.64,138,2,1137,3,no,yes,18.22,,,,
Cat-3,Newton,male,21.72,98,2,802,5,no,yes,18,,,,
Cat-3,Newton,male,21.73,90,2,736,3,no,yes,17.11,,,,
Cat-3,Newton,female,21.84,88,2,713,4,no,yes,19.2,,,,
Cat-3,Newton,female,21.73,80,2,654,3,no,yes,15.5,,,,
Cat-3,Newton,female,21.75,80,2,653,2,no,yes,23.2,,,,
Cat-3,Newton,female,21.81,80,2,650,3,no,yes,16.58,,,,
Cat-3,Newton,female,21.84,75,5,608,4,no,yes,18.16,,,,
Cat-3,Newton,female,21.87,71,5,574,3,no,yes,18.71,,,,
Cat-3,Newton,male,21.93,69,5,555,3,no,yes,18.14,,,,
Cat-3,Newton,male,21.79,66,5,537,3,no,yes,18.76,,,,
Cat-3,Newton,male,21.83,65,5,527,4,no,yes,17.44,,,,
Cat-3,Newton,male,21.88,64,5,517,2,yes,yes,18.01,,,,
Cat-3,Newton,male,21.98,64,5,513,2,yes,yes,18.9,,,,
Cat-3,Newton,male,21.93,63,5,507,4,yes,yes,18.66,,,,
Cat-3,Newton,male,21.95,63,5,506,3,yes,yes,19.89,,,,
Cat-3,Newton,male,21.9,62,5,500,5,yes,yes,14.19,,,,
Cat-3,Newton,male,21.92,61,5,491,2,yes,yes,19.48,,,,
Cat-3,Newton,male,21.97,61,5,489,3,yes,yes,19.86,,,,
Cat-3,Newton,male,21.9,60,5,484,5,yes,yes,14.86,,,,
Cat-3,Newton,male,21.95,60,5,482,4,yes,yes,22.31,,,,
Cat-3,Newton,male,21.82,59,5,479,5,yes,yes,17.88,,,,
Cat-3,Newton,male,21.87,58,5,469,4,yes,yes,14.85,,,,
Cat-3,Newton,neutral,22.03,58,5,463,3,yes,yes,15.76,,,,
Cat-3,Newton,male,21.89,56,5,452,3,yes,yes,17.06,,,,
Cat-3,Newton,male,21.89,56,5,452,3,yes,yes,16.86,,,,
Cat-3,Newton,male,21.94,56,5,450,3,yes,yes,18.99,,,,
Cat-3,Newton,male,22.03,56,5,447,2,yes,yes,15.54,,,,
Cat-3,Newton,male,22.03,56,5,447,2,yes,yes,16.69,,,,
Cat-3,Newton,neutral,22.03,56,5,447,5,yes,yes,17.92,,,,
Cat-3,Newton,neutral,22.06,56,5,446,6,yes,yes,18.55,,,,
Cat-3,Newton,neutral,21.94,55,5,442,4,no,yes,21.43,,,,
Cat-3,Newton,neutral,22,55,5,440,5,no,yes,21.28,,,,
Cat-3,Newton,neutral,21.86,54,5,437,5,no,yes,17.69,,,,
Cat-3,Newton,neutral,21.91,54,5,435,6,no,yes,16.97,,,,
Cat-3,Newton,neutral,21.94,54,5,434,3,yes,yes,17.23,,,,
Cat-3,Newton,neutral,21.97,54,5,433,2,yes,yes,17.23,,,,
Cat-3,Newton,neutral,21.97,54,5,433,6,yes,yes,15.65,,,,
Cat-3,Newton,neutral,21.97,54,5,433,7,no,yes,20.2,,,,
Cat-3,Newton,neutral,21.85,53,5,429,2,no,yes,18.56,,,,
Cat-3,Newton,neutral,21.91,53,5,427,2,no,yes,18.19,,,,
Cat-3,Newton,neutral,21.97,53,5,425,2,no,yes,17.69,,,,
Cat-3,Newton,neutral,22.06,53,5,422,2,no,yes,16.97,,,,
Cat-3,Newton,neutral,22.09,53,5,421,3,yes,yes,17.23,,,,
Cat-3,Newton,neutral,21.97,52,5,417,2,yes,yes,17.23,,,,
Cat-3,Newton,neutral,22,52,5,416,2,yes,yes,15.65,,,,
Cat-3,Newton,female,22.03,52,5,415,2,yes,yes,14.84,,,,
Cat-3,Newton,neutral,22.09,52,5,413,3,yes,yes,17.57,,,,
Cat-3,Newton,neutral,21.91,51,5,411,3,yes,yes,17.69,,,,
Cat-3,Newton,neutral,21.91,51,5,411,3,yes,yes,16.97,,,,
Cat-3,Newton,neutral,22,51,5,408,4,yes,yes,17.23,,,,
Cat-3,Newton,neutral,22.03,51,5,407,4,yes,yes,17.23,,,,
Cat-3,Newton,neutral,22.06,51,5,406,2,yes,yes,15.65,,,,
Cat-3,Newton,neutral,21.88,50,5,404,4,yes,yes,17.1,,,,
Cat-3,Newton,male,21.88,50,5,404,2,yes,yes,16.27,,,,
Cat-3,Newton,male,21.91,50,5,403,4,yes,yes,17.69,,,,
Cat-3,Newton,male,21.94,50,5,402,2,yes,yes,16.97,,,,
Cat-3,Newton,neutral,22.09,50,5,397,2,yes,yes,17.23,,,,
Cat-3,Newton,neutral,22.13,50,5,396,5,yes,yes,17.23,,,,
Cat-3,Newton,male,21.91,49,5,395,4,yes,yes,15.65,,,,
Cat-3,Ocata,male,21.79,102,5,830,7,yes,yes,14.98,,,,
Cat-3,Ocata,neutral,21.85,82,5,664,4,yes,yes,15.38,,,,
Cat-3,Ocata,female,21.82,78,5,633,4,no,yes,17.77,,,,
Cat-3,Ocata,female,21.8,75,5,610,5,no,yes,17.18,,,,
Cat-3,Ocata,female,21.9,75,5,605,4,no,yes,18.21,,,,
Cat-3,Ocata,female,21.79,73,5,594,2,no,yes,16.49,,,,
Cat-3,Ocata,male,21.81,73,5,593,2,no,yes,17.93,,,,
Cat-3,Ocata,female,21.93,71,5,571,2,yes,yes,17.96,,,,
Cat-3,Ocata,male,21.87,70,5,566,2,yes,yes,18,,,,
Cat-3,Ocata,male,21.8,69,5,561,2,yes,yes,17.4,,,,
Cat-3,Ocata,female,21.88,67,5,541,2,yes,yes,17.3,,,,
Cat-3,Ocata,female,21.86,65,5,526,1,yes,yes,17.41,,,,
Cat-3,Ocata,male,21.81,64,5,520,5,yes,yes,16.78,,,,
Cat-3,Ocata,male,21.98,64,5,513,2,no,yes,16.83,,,,
Cat-3,Ocata,neutral,21.97,62,5,497,2,no,yes,16.84,,,,
Cat-3,Ocata,male,21.92,60,5,483,5,no,yes,17.06,,,,
Cat-3,Ocata,male,21.92,59,5,475,5,yes,yes,16.7,,,,
Cat-3,Ocata,neutral,22,58,5,464,5,yes,yes,17.33,,,,
Cat-3,Ocata,neutral,21.92,57,5,459,6,no,yes,17.36,,,,
Cat-3,Ocata,neutral,21.97,57,5,457,4,no,yes,17.56,,,,
Cat-3,Ocata,neutral,21.97,57,5,457,5,no,yes,15.95,,,,
Cat-3,Ocata,neutral,21.92,56,5,451,2,yes,yes,16.77,,,,
Cat-3,Ocata,male,21.92,56,5,451,4,yes,yes,16.33,,,,
Cat-3,Ocata,male,21.92,56,5,451,5,yes,yes,17.07,,,,
Cat-3,Ocata,male,21.97,56,5,449,5,yes,yes,16.27,,,,
Cat-3,Ocata,female,22.03,55,5,439,1,yes,yes,15.42,,,,
Cat-3,Ocata,male,21.86,54,5,437,2,yes,yes,16.87,,,,
Cat-3,Ocata,male,21.89,54,5,436,4,yes,yes,16.04,,,,
Cat-3,Ocata,male,21.89,54,5,436,2,yes,yes,19.14,,,,
Cat-3,Ocata,male,22.03,53,5,423,4,yes,yes,17.05,,,,
Cat-3,Ocata,neutral,22.03,53,5,423,2,yes,yes,17.48,,,,
Cat-3,Ocata,neutral,21.88,52,5,420,2,yes,yes,17.57,,,,
Cat-3,Ocata,neutral,22.03,52,5,415,2,yes,yes,18.48,,,,
Cat-3,Ocata,neutral,21.88,51,5,412,2,yes,yes,16.89,,,,
Cat-3,Ocata,neutral,22.03,51,5,407,1,yes,yes,16.66,,,,
Cat-3,Ocata,male,22.09,51,5,405,1,yes,yes,18.09,,,,
Cat-3,Ocata,neutral,21.88,50,5,404,3,yes,yes,15.04,,,,
Cat-3,Ocata,neutral,21.88,50,5,404,4,yes,yes,16.21,,,,
Cat-3,Ocata,neutral,21.91,50,5,403,2,yes,yes,17.57,,,,
Cat-3,Ocata,neutral,21.94,50,5,402,2,yes,yes,16.56,,,,
Cat-3,Ocata,neutral,21.94,50,5,402,2,yes,yes,17.11,,,,
Cat-3,Ocata,neutral,21.94,50,5,402,2,yes,yes,16.4,,,,
Cat-3,Ocata,neutral,22.06,50,5,398,4,yes,yes,14.93,,,,
Cat-3,Ocata,neutral,22.06,50,5,398,5,yes,yes,16.54,,,,
Cat-3,Ocata,neutral,22.06,50,5,398,1,yes,yes,16.58,,,,
Cat-3,Ocata,neutral,22.13,50,5,396,2,yes,yes,16.66,,,,
Cat-3,Ocata,male,21.91,49,5,395,3,yes,yes,16.24,,,,
Cat-3,Ocata,male,21.97,49,5,393,3,yes,yes,18.33,,,,
Cat-3,Ocata,male,21.97,49,5,393,3,yes,yes,15.54,,,,
Cat-3,Ocata,male,22,49,5,392,2,yes,yes,16.05,,,,
Cat-3,Ocata,male,22,49,5,392,2,yes,no,16.82,,,,
Cat-3,Ocata,male,22.03,49,5,391,3,yes,yes,16.79,,,,
Cat-3,Ocata,male,22.03,49,5,391,2,yes,yes,17.68,,,,
Cat-3,Ocata,male,22.06,49,5,390,2,yes,yes,16.19,,,,
Cat-3,Ocata,male,22.1,49,5,389,3,yes,yes,18.14,,,,
Cat-3,Ocata,male,22.13,49,5,388,3,yes,yes,16.55,,,,
Cat-3,Ocata,male,21.94,48,5,386,4,yes,yes,18.18,,,,
Cat-3,Ocata,neutral,21.97,48,5,385,2,yes,yes,17.11,,,,
Cat-3,Ocata,neutral,22.03,48,3,383,3,yes,yes,17.79,,,,
Cat-3,Ocata,neutral,22.03,48,3,383,5,yes,yes,17.96,,,,
Cat-3,Ocata,neutral,22.13,48,3,380,5,yes,no,15.65,,,,
Cat-3,Pike,female,21.68,135,3,1108,4,yes,yes,16,,,,
Cat-3,Pike,female,21.78,110,3,896,4,yes,yes,17.14,,,,
Cat-3,Pike,male,21.77,99,3,807,2,yes,yes,16.57,,,,
Cat-3,Pike,male,21.81,98,3,796,2,yes,yes,18.87,,,,
Cat-3,Pike,male,21.79,97,3,789,3,yes,yes,17.34,,,,
Cat-3,Pike,female,21.82,88,3,714,2,yes,yes,14.23,,,,
Cat-3,Pike,female,21.87,82,3,663,3,yes,yes,16.15,,,,
Cat-3,Pike,female,21.73,80,3,654,3,yes,yes,17.79,,,,
Cat-3,Pike,male,21.86,80,3,647,2,yes,yes,17.83,,,,
Cat-3,Pike,male,21.77,79,3,644,4,yes,yes,17.81,,,,
Cat-3,Pike,female,21.76,76,3,620,3,yes,yes,13.45,,,,
Cat-3,Pike,male,21.8,69,3,561,3,yes,yes,18.61,,,,
Cat-3,Pike,male,21.84,69,3,559,3,yes,yes,17.08,,,,
Cat-3,Pike,female,21.87,69,3,558,5,yes,yes,14.09,,,,
Cat-3,Pike,female,21.81,66,3,536,3,yes,yes,17.5,,,,
Cat-3,Pike,male,21.86,65,3,526,2,yes,yes,16.91,,,,
Cat-3,Pike,male,21.95,65,3,522,2,yes,yes,18.95,,,,
Cat-3,Pike,neutral,21.98,65,3,521,2,yes,yes,17.65,,,,
Cat-3,Pike,neutral,21.88,62,3,501,1,yes,yes,18.82,,,,
Cat-3,Pike,neutral,21.9,62,3,500,2,yes,yes,16.59,,,,
Cat-3,Pike,neutral,21.85,61,3,494,2,yes,yes,18.86,,,,
Cat-3,Pike,neutral,21.97,61,3,489,2,yes,yes,17.12,,,,
Cat-3,Pike,neutral,21.85,60,3,486,2,yes,yes,17.19,,,,
Cat-3,Pike,neutral,21.85,60,3,486,2,yes,yes,17.76,,,,
Cat-3,Pike,neutral,21.82,59,3,479,1,no,yes,17.51,,,,
Cat-3,Pike,neutral,22,59,3,472,4,no,yes,16.12,,,,
Cat-3,Pike,neutral,22.03,58,3,463,5,no,yes,17.02,,,,
Cat-3,Pike,neutral,21.89,57,3,460,4,yes,yes,12.11,,,,
Cat-3,Pike,neutral,22,57,3,456,5,yes,yes,17.27,,,,
Cat-3,Pike,neutral,22,57,3,456,3,yes,yes,16.92,,,,
Cat-3,Pike,neutral,22.03,57,3,455,2,yes,yes,17.64,,,,
Cat-3,Pike,neutral,21.92,55,3,443,4,yes,yes,17.85,,,,
Cat-3,Pike,male,21.94,55,3,442,2,yes,yes,17.78,,,,
Cat-3,Pike,male,22.06,55,3,438,4,yes,yes,17.51,,,,
Cat-3,Pike,male,22.06,55,3,438,5,yes,yes,17.11,,,,
Cat-3,Pike,male,21.94,54,3,434,5,yes,yes,17.62,,,,
Cat-3,Pike,male,21.94,53,3,426,4,yes,yes,12.9,,,,
Cat-3,Pike,male,21.97,53,3,425,2,yes,yes,16.37,,,,
Cat-3,Pike,male,21.97,53,3,425,2,no,yes,17.25,,,,
Cat-3,Pike,male,22.06,53,3,422,2,yes,yes,16.85,,,,
Cat-3,Pike,male,22.06,53,3,422,4,yes,yes,19.11,,,,
Cat-3,Pike,male,21.88,52,3,420,2,yes,yes,18.34,,,,
Cat-3,Pike,neutral,21.91,52,3,419,4,yes,yes,17.28,,,,
Cat-3,Pike,neutral,22,52,3,416,2,yes,yes,17.64,,,,
Cat-3,Pike,neutral,22,52,3,416,4,no,yes,16,,,,
Cat-3,Pike,neutral,22.03,52,3,415,2,yes,yes,19.02,,,,
Cat-3,Pike,neutral,22.06,52,3,414,5,yes,yes,16.18,,,,
Cat-3,Pike,neutral,21.88,51,3,412,2,yes,yes,17.77,,,,
Cat-3,Pike,neutral,21.94,51,3,410,2,yes,yes,17.59,,,,
Cat-3,Pike,male,21.97,51,3,409,4,yes,yes,17.72,,,,
Cat-3,Pike,male,22,51,3,408,2,yes,no,18.19,,,,
Cat-3,Pike,male,22.03,51,3,407,2,yes,yes,17.37,,,,
Cat-3,Pike,neutral,22.03,51,3,407,5,yes,yes,17.77,,,,
Cat-3,Pike,neutral,22.06,51,3,406,5,yes,yes,17.34,,,,
Cat-3,Pike,neutral,22.06,51,3,406,2,yes,yes,17.43,,,,
Cat-3,Pike,male,22.09,51,3,405,3,yes,yes,15.28,,,,
Cat-3,Pike,neutral,21.91,50,3,403,2,yes,yes,16.07,,,,
Cat-3,Pike,neutral,21.94,50,3,402,8,yes,yes,16.89,,,,
Cat-3,Pike,neutral,21.97,50,3,401,4,yes,yes,15.32,,,,
Cat-3,Pike,neutral,22.06,50,3,398,1,yes,yes,12.8,,,,
Cat-3,Pike,male,22.09,50,3,397,4,yes,yes,11.89,,,,