Category,Events,Gender,SZZ,Buggy,Tech_Diversity,Commits,Core
Cat-2,Juno-14,female,21.84,140,15,641,3
Cat-2,Juno-14,male,21.8,109,5,500,3
Cat-2,Juno-14,male,22.02,109,5,495,3
Cat-2,Juno-14,neutral,21.92,96,5,438,2
Cat-2,Juno-14,neutral,22,90,5,409,2
Cat-2,Juno-14,neutral,21.86,73,10,334,2
Cat-2,Juno-14,male,22.31,58,10,260,2
Cat-2,Juno-14,neutral,22.08,53,10,240,2
Cat-2,Juno-14,neutral,22.22,52,5,234,1
Cat-2,Juno-14,neutral,22.12,50,10,226,2
Cat-2,Juno-14,neutral,22.22,50,10,225,2
Cat-2,Juno-14,female,22.37,49,5,219,1
Cat-2,Juno-14,neutral,22.37,49,5,219,1
Cat-2,Juno-14,neutral,22.12,48,5,217,1
Cat-2,Juno-14,neutral,22.12,48,5,217,1
Cat-2,Juno-14,neutral,22.22,44,5,198,1
Cat-2,Juno-14,female,22.58,42,5,186,1
Cat-2,Juno-14,female,22.28,41,5,184,1
Cat-2,Juno-14,male,22.6,40,5,177,1
Cat-2,Juno-14,male,22.73,40,5,176,1
Cat-2,Juno-14,male,22.67,39,5,172,1
Cat-2,Juno-14,male,22.22,38,5,171,1
Cat-2,Juno-14,male,22.29,37,10,166,2
Cat-2,Juno-14,male,22.36,36,5,161,2
Cat-2,Juno-14,male,22.44,35,5,156,2
Cat-2,Juno-14,male,22.58,35,5,155,2
Cat-2,Juno-14,male,22.73,35,5,154,2
Cat-2,Juno-14,male,22.73,35,5,154,2
Cat-2,Juno-14,male,23.03,35,5,152,2
Cat-2,Juno-14,male,23.03,35,5,152,2
Cat-2,Juno-14,neutral,23.03,35,5,152,2
Cat-2,Juno-14,neutral,22.67,34,10,150,2
Cat-2,Juno-14,neutral,22.67,34,5,150,2
Cat-2,Juno-14,male,22.6,33,5,146,2
Cat-2,Juno-14,male,22.54,32,5,142,2
Cat-2,Juno-14,male,22.7,32,5,141,2
Cat-2,Juno-14,male,22.86,32,5,140,2
Cat-2,Juno-14,neutral,22.86,32,5,140,2
Cat-2,Juno-14,neutral,22.39,30,5,134,2
Cat-2,Juno-14,neutral,22.73,30,5,132,2
Cat-2,Juno-14,male,22.73,30,10,132,2
Cat-2,Juno-14,male,22.66,29,5,128,2
Cat-2,Juno-14,male,23.02,29,5,126,2
Cat-2,Juno-14,neutral,22.58,28,5,124,2
Cat-2,Juno-14,neutral,22.69,27,5,119,2
Cat-2,Juno-14,male,22.69,27,10,119,2
Cat-2,Juno-14,neutral,23.28,27,10,116,2
Cat-2,Juno-14,neutral,23.28,27,10,116,2
Cat-2,Juno-14,male,23.01,26,10,113,2
Cat-2,Juno-14,male,22.52,25,5,111,2
Cat-2,Juno-14,male,22.22,24,5,108,2
Cat-2,Juno-14,male,22.43,24,5,107,2
Cat-2,Juno-14,male,22.86,24,10,105,2
Cat-2,Juno-14,male,23.08,24,10,104,2
Cat-2,Juno-14,male,23.08,24,10,104,2
Cat-2,Juno-14,male,23.3,24,10,103,2
Cat-2,Juno-14,male,22.77,23,10,101,2
Cat-2,Juno-14,male,22.77,23,10,101,2
Cat-2,Juno-14,male,23,23,10,100,2
Cat-2,Juno-14,male,22.68,22,5,97,1
Cat-2,Juno-14,male,23.4,22,5,94,1
Cat-2,KIlo-15,female,21.67,307,5,1417,1
Cat-2,KIlo-15,female,21.83,141,5,646,1
Cat-2,KIlo-15,female,21.84,114,5,522,1
Cat-2,KIlo-15,female,21.88,84,5,384,1
Cat-2,KIlo-15,female,22.05,84,5,381,1
Cat-2,KIlo-15,male,21.9,76,5,347,1
Cat-2,KIlo-15,male,22.12,75,5,339,1
Cat-2,KIlo-15,male,21.91,71,5,324,1
Cat-2,KIlo-15,male,22.12,69,5,312,1
Cat-2,KIlo-15,male,21.99,64,5,291,1
Cat-2,KIlo-15,male,22.02,61,5,277,1
Cat-2,KIlo-15,male,22.22,60,5,270,1
Cat-2,KIlo-15,male,22.05,58,5,263,1
Cat-2,KIlo-15,neutral,21.91,55,5,251,1
Cat-2,KIlo-15,female,22.27,53,5,238,1
Cat-2,KIlo-15,female,21.93,50,5,228,1
Cat-2,KIlo-15,neutral,22.12,46,5,208,1
Cat-2,KIlo-15,neutral,22.16,43,5,194,1
Cat-2,KIlo-15,male,22.53,41,5,182,1
Cat-2,KIlo-15,male,22.53,41,5,182,1
Cat-2,KIlo-15,neutral,22.1,40,10,181,2
Cat-2,KIlo-15,neutral,22.22,40,10,180,2
Cat-2,KIlo-15,neutral,22.6,40,10,177,2
Cat-2,KIlo-15,neutral,22.73,40,10,176,2
Cat-2,KIlo-15,neutral,22.86,40,10,175,2
Cat-2,KIlo-15,neutral,22.86,40,10,175,2
Cat-2,KIlo-15,neutral,22.86,40,10,175,2
Cat-2,KIlo-15,male,22.41,39,5,174,1
Cat-2,KIlo-15,male,22.49,38,5,169,1
Cat-2,KIlo-15,male,22.02,37,5,168,1
Cat-2,KIlo-15,male,22.5,36,5,160,1
Cat-2,KIlo-15,male,22.44,35,5,156,1
Cat-2,KIlo-15,male,22.73,35,5,154,1
Cat-2,KIlo-15,male,22.88,35,5,153,1
Cat-2,KIlo-15,male,22.52,34,5,151,1
Cat-2,KIlo-15,male,22.82,34,5,149,1
Cat-2,KIlo-15,male,22.82,34,5,149,1
Cat-2,KIlo-15,male,22.82,34,5,149,1
Cat-2,KIlo-15,male,22.22,32,5,144,1
Cat-2,KIlo-15,male,22.7,32,5,141,1
Cat-2,KIlo-15,male,22.46,31,5,138,1
Cat-2,KIlo-15,neutral,22.46,31,5,138,1
Cat-2,KIlo-15,neutral,22.79,31,5,136,1
Cat-2,KIlo-15,neutral,22.96,31,5,135,1
Cat-2,KIlo-15,neutral,22.96,31,5,135,1
Cat-2,KIlo-15,neutral,22.39,30,5,134,1
Cat-2,KIlo-15,neutral,22.39,30,5,134,1
Cat-2,KIlo-15,neutral,22.73,30,5,132,1
Cat-2,KIlo-15,neutral,22.73,30,5,132,1
Cat-2,KIlo-15,neutral,22.9,30,5,131,1
Cat-2,KIlo-15,neutral,22.95,28,5,122,1
Cat-2,KIlo-15,neutral,22.95,28,5,122,1
Cat-2,KIlo-15,male,23.28,27,5,116,1
Cat-2,KIlo-15,male,23.48,27,5,115,1
Cat-2,KIlo-15,male,23.48,27,5,115,1
Cat-2,KIlo-15,male,22.81,26,5,114,1
Cat-2,KIlo-15,male,23.01,26,5,113,1
Cat-2,KIlo-15,male,23.21,26,5,112,1
Cat-2,KIlo-15,male,23.21,26,5,112,1
Cat-2,KIlo-15,neutral,22.52,25,5,111,1
Cat-2,KIlo-15,male,22.94,25,5,109,1
Cat-2,Liberty-15,female,21.78,115,5,528,1
Cat-2,Liberty-15,male,22.12,94,5,425,1
Cat-2,Liberty-15,female,21.92,89,5,406,1
Cat-2,Liberty-15,female,22.03,89,5,404,1
Cat-2,Liberty-15,female,21.96,83,5,378,1
Cat-2,Liberty-15,female,22.07,81,5,367,1
Cat-2,Liberty-15,female,21.94,68,5,310,1
Cat-2,Liberty-15,male,22.19,67,5,302,1
Cat-2,Liberty-15,male,22.22,60,5,270,1
Cat-2,Liberty-15,male,22.14,58,5,262,1
Cat-2,Liberty-15,male,22.35,57,5,255,1
Cat-2,Liberty-15,male,22.22,56,5,252,1
Cat-2,Liberty-15,male,22.27,55,5,247,1
Cat-2,Liberty-15,male,22.27,55,5,247,1
Cat-2,Liberty-15,male,22.45,55,5,245,1
Cat-2,Liberty-15,male,21.93,50,5,228,1
Cat-2,Liberty-15,male,22.37,49,5,219,1
Cat-2,Liberty-15,male,22.54,48,5,213,1
Cat-2,Liberty-15,male,22.17,45,5,203,1
Cat-2,Liberty-15,male,22.22,40,5,180,1
Cat-2,Liberty-15,male,22.35,40,5,179,1
Cat-2,Liberty-15,male,22.47,40,5,178,1
Cat-2,Liberty-15,male,22.22,38,5,171,1
Cat-2,Liberty-15,male,22.02,37,5,168,1
Cat-2,Liberty-15,male,22.29,37,5,166,1
Cat-2,Liberty-15,male,22.42,37,5,165,1
Cat-2,Liberty-15,male,22.88,35,5,153,1
Cat-2,Liberty-15,male,22.52,34,5,151,1
Cat-2,Liberty-15,male,22.67,34,5,150,1
Cat-2,Liberty-15,male,22.67,34,5,150,1
Cat-2,Liberty-15,male,22.67,34,5,150,1
Cat-2,Liberty-15,male,22.6,33,5,146,1
Cat-2,Liberty-15,male,22.6,33,5,146,1
Cat-2,Liberty-15,male,22.76,33,5,145,1
Cat-2,Liberty-15,neutral,22.22,32,5,144,1
Cat-2,Liberty-15,neutral,23.02,32,5,139,1
Cat-2,Liberty-15,neutral,22.46,31,5,138,1
Cat-2,Liberty-15,neutral,22.79,31,5,136,1
Cat-2,Liberty-15,neutral,22.96,31,5,135,1
Cat-2,Liberty-15,neutral,22.39,30,5,134,1
Cat-2,Liberty-15,neutral,22.73,30,5,132,1
Cat-2,Liberty-15,neutral,23.08,30,5,130,1
Cat-2,Liberty-15,neutral,22.83,29,5,127,1
Cat-2,Liberty-15,neutral,22.69,27,5,119,1
Cat-2,Liberty-15,neutral,23.28,27,5,116,1
Cat-2,Liberty-15,neutral,23.48,27,5,115,1
Cat-2,Liberty-15,neutral,23.48,27,5,115,1
Cat-2,Liberty-15,neutral,22.81,26,5,114,1
Cat-2,Liberty-15,neutral,23.21,26,5,112,1
Cat-2,Liberty-15,neutral,23.21,26,5,112,1
Cat-2,Liberty-15,neutral,22.52,25,5,111,1
Cat-2,Liberty-15,neutral,22.94,25,5,109,1
Cat-2,Liberty-15,neutral,22.94,25,5,109,1
Cat-2,Liberty-15,male,22.64,24,5,106,1
Cat-2,Liberty-15,male,23.08,24,5,104,1
Cat-2,Liberty-15,male,23.3,24,5,103,1
Cat-2,Liberty-15,neutral,23.53,24,5,102,1
Cat-2,Liberty-15,neutral,22.77,23,5,101,1
Cat-2,Liberty-15,neutral,23,23,5,100,1
Cat-2,Liberty-15,neutral,23,23,5,100,1
Cat-2,Liberty-15,neutral,23.23,23,5,99,1
Cat-2,Mitaka-16,female,21.88,142,5,649,1
Cat-2,Mitaka-16,neutral,21.91,140,5,639,1
Cat-2,Mitaka-16,neutral,21.96,103,5,469,1
Cat-2,Mitaka-16,neutral,21.93,84,5,383,1
Cat-2,Mitaka-16,neutral,22.04,80,5,363,1
Cat-2,Mitaka-16,neutral,21.85,78,5,357,1
Cat-2,Mitaka-16,neutral,21.98,71,5,323,1
Cat-2,Mitaka-16,neutral,22.03,63,5,286,1
Cat-2,Mitaka-16,neutral,22.01,59,5,268,1
Cat-2,Mitaka-16,neutral,22.22,56,5,252,1
Cat-2,Mitaka-16,neutral,22.22,56,5,252,1
Cat-2,Mitaka-16,neutral,22,55,5,250,1
Cat-2,Mitaka-16,neutral,22.17,51,5,230,1
Cat-2,Mitaka-16,neutral,22.03,50,5,227,1
Cat-2,Mitaka-16,neutral,22.52,50,5,222,1
Cat-2,Mitaka-16,neutral,22.37,49,10,219,2
Cat-2,Mitaka-16,female,22.27,47,10,211,1
Cat-2,Mitaka-16,female,22.44,46,10,205,1
Cat-2,Mitaka-16,female,22.28,45,10,202,1
Cat-2,Mitaka-16,male,22.61,45,10,199,2
Cat-2,Mitaka-16,male,22.56,44,10,195,2
Cat-2,Mitaka-16,female,22.46,42,5,187,1
Cat-2,Mitaka-16,male,22.1,40,5,181,1
Cat-2,Mitaka-16,male,22.54,39,5,173,1
Cat-2,Mitaka-16,female,22.02,37,5,168,1
Cat-2,Mitaka-16,female,22.7,37,5,163,1
Cat-2,Mitaka-16,male,22.36,36,5,161,1
Cat-2,Mitaka-16,male,22.82,34,5,149,1
Cat-2,Mitaka-16,neutral,22.7,32,5,141,1
Cat-2,Mitaka-16,male,22.7,32,5,141,1
Cat-2,Mitaka-16,male,23.02,32,5,139,1
Cat-2,Mitaka-16,male,22.46,31,5,138,1
Cat-2,Mitaka-16,male,22.79,31,5,136,1
Cat-2,Mitaka-16,male,22.96,31,5,135,1
Cat-2,Mitaka-16,male,22.73,30,5,132,1
Cat-2,Mitaka-16,male,22.9,30,5,131,1
Cat-2,Mitaka-16,male,23.26,30,5,129,1
Cat-2,Mitaka-16,male,23.26,30,5,129,1
Cat-2,Mitaka-16,male,22.83,29,5,127,1
Cat-2,Mitaka-16,male,23.02,29,5,126,1
Cat-2,Mitaka-16,male,23.02,29,5,126,1
Cat-2,Mitaka-16,male,23.2,29,5,125,1
Cat-2,Mitaka-16,male,22.76,28,5,123,1
Cat-2,Mitaka-16,neutral,22.95,28,5,122,1
Cat-2,Mitaka-16,neutral,22.31,27,5,121,1
Cat-2,Mitaka-16,neutral,22.88,27,5,118,1
Cat-2,Mitaka-16,neutral,23.08,27,5,117,1
Cat-2,Mitaka-16,neutral,23.08,27,5,117,1
Cat-2,Mitaka-16,neutral,23.08,27,5,117,1
Cat-2,Mitaka-16,neutral,23.08,27,5,117,1
Cat-2,Mitaka-16,male,23.28,27,5,116,1
Cat-2,Mitaka-16,male,23.48,27,5,115,1
Cat-2,Mitaka-16,male,22.81,26,5,114,1
Cat-2,Mitaka-16,male,23.01,26,5,113,1
Cat-2,Mitaka-16,male,23.01,26,5,113,1
Cat-2,Mitaka-16,male,23.01,26,5,113,1
Cat-2,Mitaka-16,male,22.52,25,5,111,1
Cat-2,Mitaka-16,neutral,22.73,25,5,110,1
Cat-2,Mitaka-16,male,22.94,25,5,109,1
Cat-2,Mitaka-16,male,22.22,24,5,108,1
Cat-2,Mitaka-16,male,22.43,24,5,107,1
Cat-2,Newton-16,male,21.76,274,5,1259,1
Cat-2,Newton-16,male,21.76,185,5,850,1
Cat-2,Newton-16,male,21.94,113,5,515,1
Cat-2,Newton-16,male,22.05,99,5,449,1
Cat-2,Newton-16,female,22.07,94,5,426,1
Cat-2,Newton-16,female,22.07,81,5,367,1
Cat-2,Newton-16,female,22.13,81,5,366,1
Cat-2,Newton-16,female,22.04,80,5,363,1
Cat-2,Newton-16,female,22.12,71,5,321,1
Cat-2,Newton-16,female,21.95,63,5,287,1
Cat-2,Newton-16,male,22.01,59,5,268,1
Cat-2,Newton-16,male,22,55,5,250,1
Cat-2,Newton-16,male,22.08,53,5,240,1
Cat-2,Newton-16,male,22.17,51,5,230,1
Cat-2,Newton-16,male,22.12,50,5,226,1
Cat-2,Newton-16,male,22.27,49,5,220,1
Cat-2,Newton-16,male,22.37,49,5,219,1
Cat-2,Newton-16,male,22.54,48,5,213,1
Cat-2,Newton-16,male,22.06,45,5,204,1
Cat-2,Newton-16,male,22.28,45,5,202,1
Cat-2,Newton-16,male,22.34,44,5,197,1
Cat-2,Newton-16,male,22.56,44,5,195,1
Cat-2,Newton-16,male,22.4,43,5,192,1
Cat-2,Newton-16,male,22.53,41,5,182,1
Cat-2,Newton-16,neutral,22.73,40,5,176,1
Cat-2,Newton-16,male,22.42,37,5,165,1
Cat-2,Newton-16,male,22.42,37,5,165,1
Cat-2,Newton-16,male,22.7,37,5,163,1
Cat-2,Newton-16,male,22.5,36,5,160,1
Cat-2,Newton-16,male,22.5,36,5,160,1
Cat-2,Newton-16,neutral,22.5,36,5,160,1
Cat-2,Newton-16,neutral,22.64,36,5,159,1
Cat-2,Newton-16,neutral,22.58,35,5,155,1
Cat-2,Newton-16,neutral,22.88,35,5,153,1
Cat-2,Newton-16,neutral,22.67,34,5,150,1
Cat-2,Newton-16,neutral,22.3,33,5,148,1
Cat-2,Newton-16,neutral,22.45,33,5,147,1
Cat-2,Newton-16,neutral,22.6,33,5,146,1
Cat-2,Newton-16,neutral,22.6,33,10,146,2
Cat-2,Newton-16,neutral,22.6,33,10,146,2
Cat-2,Newton-16,neutral,22.54,32,10,142,2
Cat-2,Newton-16,neutral,22.86,32,10,140,2
Cat-2,Newton-16,neutral,22.46,31,10,138,2
Cat-2,Newton-16,neutral,22.96,31,10,135,2
Cat-2,Newton-16,neutral,22.39,30,10,134,2
Cat-2,Newton-16,neutral,23.08,30,10,130,2
Cat-2,Newton-16,neutral,23.26,30,15,129,2
Cat-2,Newton-16,male,22.66,29,15,128,2
Cat-2,Newton-16,neutral,23.02,29,15,126,2
Cat-2,Newton-16,neutral,22.58,28,15,124,2
Cat-2,Newton-16,neutral,22.58,28,15,124,2
Cat-2,Newton-16,male,22.31,27,10,121,2
Cat-2,Newton-16,male,22.5,27,10,120,2
Cat-2,Newton-16,male,22.69,27,10,119,2
Cat-2,Newton-16,male,23.08,27,10,117,2
Cat-2,Newton-16,male,23.08,27,5,117,1
Cat-2,Newton-16,male,23.28,27,5,116,1
Cat-2,Newton-16,male,23.48,27,5,115,1
Cat-2,Newton-16,neutral,22.73,25,5,110,1
Cat-2,Newton-16,neutral,22.94,25,5,109,1
Cat-2,Newton-16,male,22.22,24,5,108,1
Cat-2,Ocata-16,male,21.92,119,5,543,1
Cat-2,Ocata-16,neutral,22.02,83,5,377,1
Cat-2,Ocata-16,female,21.97,76,5,346,1
Cat-2,Ocata-16,female,21.98,71,5,323,1
Cat-2,Ocata-16,female,22.01,70,5,318,1
Cat-2,Ocata-16,male,22.15,68,5,307,1
Cat-2,Ocata-16,male,22.22,68,5,306,1
Cat-2,Ocata-16,female,22.18,63,5,284,1
Cat-2,Ocata-16,male,22.22,62,5,279,1
Cat-2,Ocata-16,male,21.9,60,5,274,1
Cat-2,Ocata-16,female,22.05,56,5,254,1
Cat-2,Ocata-16,female,22.18,53,5,239,1
Cat-2,Ocata-16,male,22.32,52,5,233,1
Cat-2,Ocata-16,male,22.12,50,5,226,1
Cat-2,Ocata-16,neutral,22.38,47,5,210,1
Cat-2,Ocata-16,male,22.45,44,5,196,1
Cat-2,Ocata-16,male,22.34,42,5,188,1
Cat-2,Ocata-16,male,22.6,40,5,177,1
Cat-2,Ocata-16,male,22.67,39,5,172,1
Cat-2,Ocata-16,male,22.35,38,5,170,1
Cat-2,Ocata-16,male,22.35,38,5,170,1
Cat-2,Ocata-16,male,22.56,37,5,164,1
Cat-2,Ocata-16,male,22.56,37,5,164,1
Cat-2,Ocata-16,male,22.56,37,5,164,1
Cat-2,Ocata-16,male,22.84,37,5,162,1
Cat-2,Ocata-16,female,23.03,35,5,152,1
Cat-2,Ocata-16,male,22.67,34,5,150,1
Cat-2,Ocata-16,male,22.82,34,5,149,1
Cat-2,Ocata-16,male,22.82,34,5,149,1
Cat-2,Ocata-16,male,22.79,31,5,136,1
Cat-2,Ocata-16,neutral,22.79,31,5,136,1
Cat-2,Ocata-16,neutral,22.56,30,5,133,1
Cat-2,Ocata-16,neutral,22.66,29,5,128,1
Cat-2,Ocata-16,neutral,23.2,29,5,125,1
Cat-2,Ocata-16,neutral,22.5,27,5,120,1
Cat-2,Ocata-16,male,22.88,27,5,118,1
Cat-2,Ocata-16,neutral,23.08,27,5,117,1
Cat-2,Ocata-16,neutral,23.08,27,5,117,1
Cat-2,Ocata-16,neutral,23.28,27,5,116,1
Cat-2,Ocata-16,neutral,23.48,27,5,115,1
Cat-2,Ocata-16,neutral,23.48,27,5,115,1
Cat-2,Ocata-16,neutral,23.48,27,5,115,1
Cat-2,Ocata-16,neutral,22.52,25,5,111,1
Cat-2,Ocata-16,neutral,22.52,25,5,111,1
Cat-2,Ocata-16,neutral,22.52,25,5,111,1
Cat-2,Ocata-16,neutral,22.94,25,5,109,1
Cat-2,Ocata-16,male,22.22,24,5,108,1
Cat-2,Ocata-16,male,22.64,24,5,106,1
Cat-2,Ocata-16,male,22.64,24,5,106,1
Cat-2,Ocata-16,male,22.86,24,5,105,1
Cat-2,Ocata-16,male,22.86,24,5,105,1
Cat-2,Ocata-16,male,23.08,24,5,104,1
Cat-2,Ocata-16,male,23.08,24,5,104,1
Cat-2,Ocata-16,male,23.3,24,5,103,1
Cat-2,Ocata-16,male,23.53,24,5,102,1
Cat-2,Ocata-16,male,22.77,23,5,101,1
Cat-2,Ocata-16,male,23.23,23,5,99,1
Cat-2,Ocata-16,neutral,22.45,22,5,98,1
Cat-2,Ocata-16,neutral,22.92,22,5,96,1
Cat-2,Ocata-16,neutral,22.92,22,5,96,1
Cat-2,Ocata-16,neutral,23.66,22,5,93,1
Cat-2,Pike-17,male,21.8,179,5,821,1
Cat-2,Pike-17,male,21.84,133,5,609,1
Cat-2,Pike-17,male,21.92,114,5,520,1
Cat-2,Pike-17,male,22,112,5,509,1
Cat-2,Pike-17,male,21.91,110,5,502,1
Cat-2,Pike-17,female,22.01,94,5,427,1
Cat-2,Pike-17,female,22.07,83,5,376,1
Cat-2,Pike-17,female,22.07,81,5,367,1
Cat-2,Pike-17,male,21.94,79,5,360,1
Cat-2,Pike-17,male,21.85,78,5,357,1
Cat-2,Pike-17,female,21.92,73,5,333,1
Cat-2,Pike-17,male,21.9,60,5,274,1
Cat-2,Pike-17,male,22.06,60,5,272,1
Cat-2,Pike-17,female,22.14,60,5,271,1
Cat-2,Pike-17,female,22.09,55,5,249,1
Cat-2,Pike-17,male,22.18,53,5,239,1
Cat-2,Pike-17,male,22.55,53,5,235,1
Cat-2,Pike-17,neutral,22.22,52,5,234,1
Cat-2,Pike-17,neutral,22.43,48,5,214,1
Cat-2,Pike-17,neutral,22.54,48,5,213,1
Cat-2,Pike-17,neutral,22.22,46,5,207,1
Cat-2,Pike-17,neutral,22.28,45,5,202,1
Cat-2,Pike-17,neutral,22.61,45,5,199,1
Cat-2,Pike-17,neutral,22.61,45,5,199,1
Cat-2,Pike-17,male,22.4,43,5,192,1
Cat-2,Pike-17,male,22.7,42,5,185,1
Cat-2,Pike-17,male,22.73,40,5,176,1
Cat-2,Pike-17,male,22.54,39,5,173,1
Cat-2,Pike-17,male,22.49,38,5,169,1
Cat-2,Pike-17,male,22.49,38,5,169,1
Cat-2,Pike-17,male,22.02,37,5,168,1
Cat-2,Pike-17,male,22.44,35,5,156,1
Cat-2,Pike-17,male,22.58,35,5,155,1
Cat-2,Pike-17,male,22.52,34,5,151,1
Cat-2,Pike-17,male,22.52,34,5,151,1
Cat-2,Pike-17,male,22.45,33,5,147,1
Cat-2,Pike-17,male,23.02,32,5,139,1
Cat-2,Pike-17,male,22.46,31,5,138,1
Cat-2,Pike-17,male,22.46,31,5,138,1
Cat-2,Pike-17,male,22.96,31,5,135,1
Cat-2,Pike-17,male,22.96,31,5,135,1
Cat-2,Pike-17,male,22.56,30,5,133,1
Cat-2,Pike-17,neutral,22.73,30,5,132,1
Cat-2,Pike-17,neutral,23.26,30,5,129,1
Cat-2,Pike-17,neutral,23.26,30,5,129,1
Cat-2,Pike-17,neutral,22.66,29,5,128,1
Cat-2,Pike-17,neutral,22.83,29,5,127,1
Cat-2,Pike-17,neutral,23.2,29,5,125,1
Cat-2,Pike-17,neutral,22.76,28,5,123,1
Cat-2,Pike-17,male,22.95,28,5,122,1
Cat-2,Pike-17,male,22.31,27,5,121,1
Cat-2,Pike-17,male,22.5,27,5,120,1
Cat-2,Pike-17,neutral,22.5,27,5,120,1
Cat-2,Pike-17,neutral,22.69,27,5,119,1
Cat-2,Pike-17,neutral,22.69,27,5,119,1
Cat-2,Pike-17,male,22.88,27,5,118,1
Cat-2,Pike-17,neutral,23.28,27,5,116,1
Cat-2,Pike-17,neutral,23.48,27,5,115,1
Cat-2,Pike-17,neutral,22.81,26,5,114,1
Cat-2,Pike-17,neutral,22.52,25,5,111,1
Cat-2,Pike-17,female,22.73,25,5,110,1
Cat-3,Juno-14,female,21.67,146,25,1200,5
Cat-3,Juno-14,female,23.79,15,25,105,5
Cat-3,Juno-14,female,21.72,122,25,998,5
Cat-3,Juno-14,female,21.75,109,15,890,5
Cat-3,Juno-14,female,21.86,86,15,696,5
Cat-3,Juno-14,female,21.9,77,15,621,5
Cat-3,Juno-14,female,22.03,59,15,471,5
Cat-3,Juno-14,female,21.82,92,15,747,5
Cat-3,Juno-14,female,21.83,65,15,527,5
Cat-3,Juno-14,female,21.98,65,15,521,5
Cat-3,Juno-14,female,21.98,64,15,513,5
Cat-3,Juno-14,female,21.8,63,15,512,5
Cat-3,Juno-14,male,21.7,100,15,820,3
Cat-3,Juno-14,neutral,21.95,63,15,506,3
Cat-3,Juno-14,neutral,21.8,62,15,504,3
Cat-3,Juno-14,neutral,21.8,62,15,504,3
Cat-3,Juno-14,neutral,21.87,60,15,485,3
Cat-3,Juno-14,neutral,21.97,59,15,473,3
Cat-3,Juno-14,male,22,58,15,464,3
Cat-3,Juno-14,male,22.03,58,15,463,3
Cat-3,Juno-14,male,21.92,57,15,459,3
Cat-3,Juno-14,male,21.95,57,15,458,3
Cat-3,Juno-14,male,21.86,56,15,453,3
Cat-3,Juno-14,male,22,56,15,448,3
Cat-3,Juno-14,male,21.92,55,15,443,3
Cat-3,Juno-14,male,21.94,55,15,442,3
Cat-3,Juno-14,male,21.97,55,15,441,3
Cat-3,Juno-14,male,21.97,55,15,441,3
Cat-3,Juno-14,male,22.03,55,15,439,3
Cat-3,Juno-14,male,22.03,55,15,439,3
Cat-3,Juno-14,neutral,22.03,55,15,439,3
Cat-3,Juno-14,neutral,21.86,54,15,437,3
Cat-3,Juno-14,neutral,21.86,54,15,437,3
Cat-3,Juno-14,male,21.97,54,15,433,3
Cat-3,Juno-14,male,21.85,53,15,429,3
Cat-3,Juno-14,male,21.88,53,15,428,3
Cat-3,Juno-14,male,21.91,53,15,427,3
Cat-3,Juno-14,neutral,21.91,53,15,427,3
Cat-3,Juno-14,neutral,22.09,53,15,421,3
Cat-3,Juno-14,neutral,21.91,52,15,419,3
Cat-3,Juno-14,male,21.91,52,15,419,3
Cat-3,Juno-14,male,22.03,52,15,415,3
Cat-3,Juno-14,male,22.09,52,15,413,3
Cat-3,Juno-14,neutral,21.91,51,15,411,3
Cat-3,Juno-14,neutral,22.06,51,15,406,3
Cat-3,Juno-14,male,22.06,51,15,406,3
Cat-3,Juno-14,neutral,21.91,50,15,403,3
Cat-3,Juno-14,male,21.91,50,15,403,3
Cat-3,Juno-14,male,22,50,15,400,3
Cat-3,Juno-14,male,22.06,50,15,398,3
Cat-3,Juno-14,male,21.91,49,15,395,3
Cat-3,Juno-14,neutral,21.94,49,15,394,3
Cat-3,Juno-14,male,22,49,15,392,3
Cat-3,Juno-14,male,22.03,49,15,391,3
Cat-3,Juno-14,male,22.03,49,15,391,3
Cat-3,Juno-14,male,22.06,49,15,390,3
Cat-3,Juno-14,male,22.13,49,15,388,3
Cat-3,Juno-14,female,22.13,49,15,388,5
Cat-3,Juno-14,female,21.9,48,15,387,5
Cat-3,Juno-14,male,22,48,15,384,3
Cat-3,Juno-14,male,22.1,48,15,381,3
Cat-3,KIlo-15,male,21.59,206,15,1704,3
Cat-3,KIlo-15,male,21.72,114,15,933,3
Cat-3,KIlo-15,female,21.74,99,25,809,5
Cat-3,KIlo-15,female,21.87,83,25,671,5
Cat-3,KIlo-15,female,21.78,82,25,668,5
Cat-3,KIlo-15,female,21.8,78,25,634,5
Cat-3,KIlo-15,female,21.8,77,25,626,5
Cat-3,KIlo-15,female,21.77,75,25,611,5
Cat-3,KIlo-15,female,21.85,74,25,599,5
Cat-3,KIlo-15,female,21.78,71,25,578,5
Cat-3,KIlo-15,female,21.91,70,25,564,5
Cat-3,KIlo-15,female,21.89,69,25,557,5
Cat-3,KIlo-15,female,21.86,68,25,550,5
Cat-3,KIlo-15,female,21.95,67,25,538,5
Cat-3,KIlo-15,female,21.88,65,25,525,5
Cat-3,KIlo-15,female,21.93,64,25,515,5
Cat-3,KIlo-15,male,21.82,61,25,495,4
Cat-3,KIlo-15,neutral,21.97,60,25,481,4
Cat-3,KIlo-15,male,21.87,58,25,469,4
Cat-3,KIlo-15,male,21.87,58,25,469,4
Cat-3,KIlo-15,female,21.89,58,25,468,5
Cat-3,KIlo-15,female,21.92,58,25,467,5
Cat-3,KIlo-15,neutral,22,58,25,464,4
Cat-3,KIlo-15,neutral,22.03,58,25,463,4
Cat-3,KIlo-15,neutral,21.84,57,25,462,5
Cat-3,KIlo-15,neutral,21.84,57,25,462,4
Cat-3,KIlo-15,neutral,21.84,57,25,462,4
Cat-3,KIlo-15,male,21.86,57,25,461,4
Cat-3,KIlo-15,male,22,57,25,456,4
Cat-3,KIlo-15,male,22.03,57,25,455,4
Cat-3,KIlo-15,male,22.03,56,25,447,4
Cat-3,KIlo-15,male,21.92,55,25,443,4
Cat-3,KIlo-15,male,21.97,55,25,441,5
Cat-3,KIlo-15,male,22,55,25,440,4
Cat-3,KIlo-15,male,22.06,55,25,438,4
Cat-3,KIlo-15,male,21.89,54,25,436,4
Cat-3,KIlo-15,male,21.89,54,25,436,4
Cat-3,KIlo-15,male,21.89,54,25,436,4
Cat-3,KIlo-15,male,22.03,54,25,431,4
Cat-3,KIlo-15,male,21.88,53,25,428,4
Cat-3,KIlo-15,male,21.97,53,25,425,4
Cat-3,KIlo-15,female,21.97,53,25,425,5
Cat-3,KIlo-15,male,22.03,53,25,423,4
Cat-3,KIlo-15,male,22.06,53,25,422,4
Cat-3,KIlo-15,male,22.06,53,20,422,4
Cat-3,KIlo-15,male,22.09,53,20,421,4
Cat-3,KIlo-15,neutral,22.09,53,20,421,4
Cat-3,KIlo-15,neutral,21.91,52,20,419,4
Cat-3,KIlo-15,neutral,21.91,52,20,419,4
Cat-3,KIlo-15,neutral,21.94,52,20,418,4
Cat-3,KIlo-15,neutral,21.97,51,20,409,4
Cat-3,KIlo-15,neutral,21.97,51,20,409,4
Cat-3,KIlo-15,male,21.91,50,20,403,4
Cat-3,KIlo-15,male,21.94,50,20,402,4
Cat-3,KIlo-15,male,21.94,50,20,402,4
Cat-3,KIlo-15,male,21.97,50,20,401,4
Cat-3,KIlo-15,male,22,50,20,400,4
Cat-3,KIlo-15,male,22.03,50,20,399,4
Cat-3,KIlo-15,male,22.03,50,20,399,4
Cat-3,KIlo-15,neutral,22.06,50,20,398,4
Cat-3,KIlo-15,male,22.13,50,20,396,4
Cat-3,Liberty-15,female,22.77,100,20,815,4
Cat-3,Liberty-15,male,22.72,87,20,712,4
Cat-3,Liberty-15,male,23.77,85,20,693,4
Cat-3,Liberty-15,male,21.88,85,20,691,4
Cat-3,Liberty-15,male,21.83,82,20,665,4
Cat-3,Liberty-15,male,21.73,80,20,654,4
Cat-3,Liberty-15,male,21.93,74,20,597,4
Cat-3,Liberty-15,male,21.89,73,20,589,4
Cat-3,Liberty-15,female,21.89,69,20,557,5
Cat-3,Liberty-15,male,21.89,68,20,549,4
Cat-3,Liberty-15,male,21.86,67,20,542,4
Cat-3,Liberty-15,male,21.93,67,15,539,3
Cat-3,Liberty-15,male,21.86,66,15,534,3
Cat-3,Liberty-15,male,21.86,66,15,534,3
Cat-3,Liberty-15,male,21.91,66,15,532,3
Cat-3,Liberty-15,male,21.93,64,15,515,3
Cat-3,Liberty-15,male,21.95,63,15,506,3
Cat-3,Liberty-15,male,21.79,62,15,500,3
Cat-3,Liberty-15,male,21.95,61,15,490,3
Cat-3,Liberty-15,male,21.92,58,15,467,3
Cat-3,Liberty-15,male,21.95,58,15,466,3
Cat-3,Liberty-15,male,21.97,58,15,465,3
Cat-3,Liberty-15,male,21.95,57,15,458,3
Cat-3,Liberty-15,male,22.03,57,15,455,3
Cat-3,Liberty-15,male,21.86,56,15,453,3
Cat-3,Liberty-15,male,21.89,56,15,452,3
Cat-3,Liberty-15,male,22,55,15,440,3
Cat-3,Liberty-15,male,22.06,55,15,438,3
Cat-3,Liberty-15,male,21.86,54,15,437,3
Cat-3,Liberty-15,male,21.86,54,15,437,3
Cat-3,Liberty-15,male,21.86,54,15,437,3
Cat-3,Liberty-15,male,21.97,54,15,433,3
Cat-3,Liberty-15,male,21.97,54,15,433,3
Cat-3,Liberty-15,male,22,54,15,432,3
Cat-3,Liberty-15,neutral,22.03,54,15,431,3
Cat-3,Liberty-15,neutral,21.94,53,15,426,3
Cat-3,Liberty-15,neutral,21.97,53,15,425,3
Cat-3,Liberty-15,neutral,22.03,53,15,423,3
Cat-3,Liberty-15,neutral,22.06,53,15,422,3
Cat-3,Liberty-15,neutral,22.09,53,15,421,3
Cat-3,Liberty-15,neutral,21.91,52,15,419,3
Cat-3,Liberty-15,neutral,21.97,52,15,417,3
Cat-3,Liberty-15,neutral,22.06,52,15,414,3
Cat-3,Liberty-15,neutral,22.06,51,15,406,3
Cat-3,Liberty-15,neutral,21.91,50,15,403,3
Cat-3,Liberty-15,neutral,21.94,50,15,402,3
Cat-3,Liberty-15,neutral,21.94,50,15,402,3
Cat-3,Liberty-15,neutral,21.97,50,15,401,3
Cat-3,Liberty-15,neutral,22.03,50,15,399,3
Cat-3,Liberty-15,neutral,22.03,50,15,399,3
Cat-3,Liberty-15,neutral,22.06,50,15,398,3
Cat-3,Liberty-15,neutral,22.13,50,15,396,3
Cat-3,Liberty-15,neutral,22.13,50,15,396,3
Cat-3,Liberty-15,female,21.97,49,15,393,3
Cat-3,Liberty-15,male,22.03,49,15,391,3
Cat-3,Liberty-15,male,22.06,49,15,390,3
Cat-3,Liberty-15,neutral,22.1,49,15,389,3
Cat-3,Liberty-15,neutral,22.13,49,15,388,3
Cat-3,Liberty-15,male,22.41,48,15,387,3
Cat-3,Liberty-15,male,22.9,48,15,387,3
Cat-3,Liberty-15,male,22.14,48,15,386,3
Cat-3,Mitaka-16,male,21.68,114,15,936,3
Cat-3,Mitaka-16,male,21.7,113,15,926,3
Cat-3,Mitaka-16,male,21.8,93,15,756,3
Cat-3,Mitaka-16,male,21.74,82,15,670,3
Cat-3,Mitaka-16,male,21.81,80,15,650,3
Cat-3,Mitaka-16,male,21.77,79,15,644,3
Cat-3,Mitaka-16,male,21.8,75,15,610,3
Cat-3,Mitaka-16,male,21.89,71,15,573,3
Cat-3,Mitaka-16,male,21.93,69,15,555,3
Cat-3,Mitaka-16,neutral,21.93,67,15,539,3
Cat-3,Mitaka-16,male,21.93,67,15,539,3
Cat-3,Mitaka-16,male,21.79,66,15,537,3
Cat-3,Mitaka-16,male,21.88,64,15,517,3
Cat-3,Mitaka-16,male,21.95,64,15,514,3
Cat-3,Mitaka-16,neutral,21.88,63,15,509,3
Cat-3,Mitaka-16,neutral,21.95,63,15,506,3
Cat-3,Mitaka-16,female,21.95,62,15,498,3
Cat-3,Mitaka-16,female,21.9,61,15,492,3
Cat-3,Mitaka-16,female,21.97,61,15,489,3
Cat-3,Mitaka-16,male,21.85,60,15,486,3
Cat-3,Mitaka-16,male,21.95,60,15,482,3
Cat-3,Mitaka-16,female,21.95,59,10,474,3
Cat-3,Mitaka-16,male,21.89,58,10,468,3
Cat-3,Mitaka-16,male,21.89,57,10,460,3
Cat-3,Mitaka-16,female,22.03,57,10,455,3
Cat-3,Mitaka-16,female,21.94,56,10,450,3
Cat-3,Mitaka-16,male,22,56,10,448,3
Cat-3,Mitaka-16,male,21.89,54,10,436,3
Cat-3,Mitaka-16,neutral,21.88,53,10,428,3
Cat-3,Mitaka-16,male,21.88,53,10,428,3
Cat-3,Mitaka-16,male,21.94,53,10,426,3
Cat-3,Mitaka-16,male,21.97,53,10,425,3
Cat-3,Mitaka-16,male,22.03,53,10,423,3
Cat-3,Mitaka-16,male,22.06,53,10,422,3
Cat-3,Mitaka-16,female,21.91,52,10,419,3
Cat-3,Mitaka-16,male,21.94,52,10,418,3
Cat-3,Mitaka-16,male,22,52,10,416,3
Cat-3,Mitaka-16,male,22,52,10,416,3
Cat-3,Mitaka-16,male,22.06,52,10,414,3
Cat-3,Mitaka-16,male,22.09,52,10,413,3
Cat-3,Mitaka-16,male,22.09,52,10,413,3
Cat-3,Mitaka-16,male,21.88,51,10,412,3
Cat-3,Mitaka-16,male,21.94,51,10,410,3
Cat-3,Mitaka-16,neutral,21.97,51,10,409,3
Cat-3,Mitaka-16,neutral,22,51,10,408,3
Cat-3,Mitaka-16,neutral,22.09,51,10,405,3
Cat-3,Mitaka-16,neutral,21.88,50,10,404,3
Cat-3,Mitaka-16,neutral,21.88,50,10,404,3
Cat-3,Mitaka-16,neutral,21.88,50,10,404,3
Cat-3,Mitaka-16,neutral,21.88,50,10,404,3
Cat-3,Mitaka-16,male,21.91,50,10,403,3
Cat-3,Mitaka-16,male,21.94,50,10,402,3
Cat-3,Mitaka-16,male,21.97,50,10,401,3
Cat-3,Mitaka-16,male,22,50,10,400,3
Cat-3,Mitaka-16,male,22,50,10,400,3
Cat-3,Mitaka-16,male,22,50,10,400,3
Cat-3,Mitaka-16,male,22.06,50,10,398,3
Cat-3,Mitaka-16,neutral,22.09,50,10,397,3
Cat-3,Mitaka-16,neutral,22.13,50,10,396,3
Cat-3,Mitaka-16,neutral,21.91,49,10,395,3
Cat-3,Mitaka-16,male,21.94,49,10,394,3
Cat-3,Newton-16,male,21.66,188,10,1546,3
Cat-3,Newton-16,male,21.64,138,10,1137,3
Cat-3,Newton-16,male,21.72,98,10,802,3
Cat-3,Newton-16,male,21.73,90,10,736,3
Cat-3,Newton-16,male,21.84,88,10,713,3
Cat-3,Newton-16,male,21.73,80,10,654,3
Cat-3,Newton-16,male,21.75,80,10,653,3
Cat-3,Newton-16,male,21.81,80,10,650,3
Cat-3,Newton-16,male,21.84,75,25,608,4
Cat-3,Newton-16,male,21.87,71,25,574,4
Cat-3,Newton-16,male,21.93,69,25,555,4
Cat-3,Newton-16,male,21.79,66,25,537,4
Cat-3,Newton-16,male,21.83,65,25,527,5
Cat-3,Newton-16,male,21.88,64,25,517,4
Cat-3,Newton-16,male,21.98,64,25,513,4
Cat-3,Newton-16,male,21.93,63,25,507,4
Cat-3,Newton-16,male,21.95,63,25,506,4
Cat-3,Newton-16,male,21.9,62,25,500,4
Cat-3,Newton-16,male,21.92,61,25,491,4
Cat-3,Newton-16,male,21.97,61,25,489,4
Cat-3,Newton-16,male,21.9,60,25,484,4
Cat-3,Newton-16,male,21.95,60,25,482,4
Cat-3,Newton-16,male,21.82,59,25,479,4
Cat-3,Newton-16,male,21.87,58,25,469,4
Cat-3,Newton-16,neutral,22.03,58,25,463,4
Cat-3,Newton-16,male,21.89,56,25,452,4
Cat-3,Newton-16,male,21.89,56,25,452,4
Cat-3,Newton-16,male,21.94,56,25,450,4
Cat-3,Newton-16,male,22.03,56,25,447,4
Cat-3,Newton-16,male,22.03,56,25,447,4
Cat-3,Newton-16,neutral,22.03,56,25,447,4
Cat-3,Newton-16,neutral,22.06,56,25,446,4
Cat-3,Newton-16,neutral,21.94,55,25,442,4
Cat-3,Newton-16,neutral,22,55,25,440,4
Cat-3,Newton-16,neutral,21.86,54,25,437,4
Cat-3,Newton-16,neutral,21.91,54,25,435,4
Cat-3,Newton-16,neutral,21.94,54,25,434,4
Cat-3,Newton-16,neutral,21.97,54,25,433,4
Cat-3,Newton-16,neutral,21.97,54,25,433,4
Cat-3,Newton-16,neutral,21.97,54,25,433,4
Cat-3,Newton-16,neutral,21.85,53,25,429,4
Cat-3,Newton-16,neutral,21.91,53,25,427,4
Cat-3,Newton-16,neutral,21.97,53,25,425,4
Cat-3,Newton-16,neutral,22.06,53,25,422,4
Cat-3,Newton-16,neutral,22.09,53,25,421,4
Cat-3,Newton-16,neutral,21.97,52,25,417,4
Cat-3,Newton-16,neutral,22,52,25,416,4
Cat-3,Newton-16,female,22.03,52,25,415,4
Cat-3,Newton-16,neutral,22.09,52,25,413,4
Cat-3,Newton-16,neutral,21.91,51,25,411,4
Cat-3,Newton-16,neutral,21.91,51,25,411,4
Cat-3,Newton-16,neutral,22,51,25,408,4
Cat-3,Newton-16,neutral,22.03,51,25,407,4
Cat-3,Newton-16,neutral,22.06,51,25,406,4
Cat-3,Newton-16,neutral,21.88,50,25,404,4
Cat-3,Newton-16,male,21.88,50,25,404,4
Cat-3,Newton-16,male,21.91,50,25,403,4
Cat-3,Newton-16,male,21.94,50,25,402,4
Cat-3,Newton-16,neutral,22.09,50,25,397,4
Cat-3,Newton-16,neutral,22.13,50,25,396,4
Cat-3,Newton-16,male,21.91,49,25,395,4
Cat-3,Ocata-16,male,21.79,102,25,830,4
Cat-3,Ocata-16,neutral,21.85,82,25,664,5
Cat-3,Ocata-16,female,21.82,78,25,633,5
Cat-3,Ocata-16,female,21.8,75,25,610,5
Cat-3,Ocata-16,female,21.9,75,25,605,5
Cat-3,Ocata-16,female,21.79,73,25,594,5
Cat-3,Ocata-16,male,21.81,73,25,593,5
Cat-3,Ocata-16,female,21.93,71,25,571,5
Cat-3,Ocata-16,male,21.87,70,25,566,5
Cat-3,Ocata-16,male,21.8,69,25,561,5
Cat-3,Ocata-16,female,21.88,67,25,541,5
Cat-3,Ocata-16,female,21.86,65,25,526,5
Cat-3,Ocata-16,male,21.81,64,25,520,5
Cat-3,Ocata-16,male,21.98,64,25,513,5
Cat-3,Ocata-16,neutral,21.97,62,25,497,5
Cat-3,Ocata-16,male,21.92,60,25,483,4
Cat-3,Ocata-16,male,21.92,59,25,475,4
Cat-3,Ocata-16,neutral,22,58,25,464,4
Cat-3,Ocata-16,neutral,21.92,57,25,459,4
Cat-3,Ocata-16,neutral,21.97,57,25,457,4
Cat-3,Ocata-16,neutral,21.97,57,25,457,4
Cat-3,Ocata-16,neutral,21.92,56,25,451,4
Cat-3,Ocata-16,male,21.92,56,25,451,4
Cat-3,Ocata-16,male,21.92,56,25,451,4
Cat-3,Ocata-16,male,21.97,56,25,449,4
Cat-3,Ocata-16,male,22.03,55,25,439,4
Cat-3,Ocata-16,male,21.86,54,25,437,4
Cat-3,Ocata-16,male,21.89,54,25,436,4
Cat-3,Ocata-16,male,21.89,54,25,436,4
Cat-3,Ocata-16,male,22.03,53,25,423,4
Cat-3,Ocata-16,neutral,22.03,53,25,423,4
Cat-3,Ocata-16,neutral,21.88,52,25,420,4
Cat-3,Ocata-16,neutral,22.03,52,25,415,4
Cat-3,Ocata-16,neutral,21.88,51,25,412,4
Cat-3,Ocata-16,neutral,22.03,51,25,407,4
Cat-3,Ocata-16,male,22.09,51,25,405,4
Cat-3,Ocata-16,neutral,21.88,50,25,404,4
Cat-3,Ocata-16,neutral,21.88,50,25,404,4
Cat-3,Ocata-16,neutral,21.91,50,25,403,3
Cat-3,Ocata-16,neutral,21.94,50,25,402,3
Cat-3,Ocata-16,neutral,21.94,50,25,402,4
Cat-3,Ocata-16,female,21.94,50,25,402,5
Cat-3,Ocata-16,female,22.06,50,25,398,5
Cat-3,Ocata-16,female,22.06,50,25,398,5
Cat-3,Ocata-16,female,22.06,50,25,398,5
Cat-3,Ocata-16,female,22.13,50,25,396,5
Cat-3,Ocata-16,female,21.91,49,25,395,5
Cat-3,Ocata-16,female,21.97,49,25,393,5
Cat-3,Ocata-16,female,21.97,49,25,393,5
Cat-3,Ocata-16,female,22,49,25,392,5
Cat-3,Ocata-16,female,22,49,25,392,5
Cat-3,Ocata-16,female,22.03,49,25,391,5
Cat-3,Ocata-16,female,22.03,49,25,391,5
Cat-3,Ocata-16,female,22.06,49,25,390,5
Cat-3,Ocata-16,female,22.1,49,25,389,5
Cat-3,Ocata-16,female,22.13,49,25,388,5
Cat-3,Ocata-16,female,21.94,48,25,386,5
Cat-3,Ocata-16,female,21.97,48,25,385,5
Cat-3,Ocata-16,neutral,22.03,48,15,383,3
Cat-3,Ocata-16,neutral,22.03,48,15,383,3
Cat-3,Ocata-16,neutral,22.13,48,15,380,3
Cat-3,Pike-17,female,21.68,135,15,1108,3
Cat-3,Pike-17,female,21.78,110,15,896,3
Cat-3,Pike-17,male,21.77,99,15,807,3
Cat-3,Pike-17,male,21.81,98,15,796,3
Cat-3,Pike-17,male,21.79,97,15,789,3
Cat-3,Pike-17,female,21.82,88,15,714,3
Cat-3,Pike-17,female,21.87,82,15,663,3
Cat-3,Pike-17,female,21.73,80,15,654,3
Cat-3,Pike-17,male,21.86,80,15,647,3
Cat-3,Pike-17,male,21.77,79,15,644,3
Cat-3,Pike-17,female,21.76,76,15,620,3
Cat-3,Pike-17,male,21.8,69,15,561,3
Cat-3,Pike-17,male,21.84,69,15,559,3
Cat-3,Pike-17,female,21.87,69,15,558,3
Cat-3,Pike-17,female,21.81,66,15,536,3
Cat-3,Pike-17,male,21.86,65,15,526,3
Cat-3,Pike-17,male,21.95,65,15,522,3
Cat-3,Pike-17,neutral,21.98,65,15,521,3
Cat-3,Pike-17,neutral,21.88,62,15,501,3
Cat-3,Pike-17,neutral,21.9,62,15,500,3
Cat-3,Pike-17,neutral,21.85,61,15,494,3
Cat-3,Pike-17,neutral,21.97,61,15,489,3
Cat-3,Pike-17,neutral,21.85,60,15,486,3
Cat-3,Pike-17,neutral,21.85,60,15,486,3
Cat-3,Pike-17,neutral,21.82,59,15,479,3
Cat-3,Pike-17,neutral,22,59,15,472,3
Cat-3,Pike-17,neutral,22.03,58,15,463,3
Cat-3,Pike-17,neutral,21.89,57,15,460,3
Cat-3,Pike-17,neutral,22,57,15,456,3
Cat-3,Pike-17,neutral,22,57,15,456,3
Cat-3,Pike-17,neutral,22.03,57,15,455,3
Cat-3,Pike-17,neutral,21.92,55,15,443,3
Cat-3,Pike-17,male,21.94,55,15,442,3
Cat-3,Pike-17,male,22.06,55,15,438,3
Cat-3,Pike-17,male,22.06,55,15,438,3
Cat-3,Pike-17,male,21.94,54,15,434,3
Cat-3,Pike-17,male,21.94,53,15,426,3
Cat-3,Pike-17,male,21.97,53,15,425,3
Cat-3,Pike-17,male,21.97,53,15,425,3
Cat-3,Pike-17,male,22.06,53,15,422,3
Cat-3,Pike-17,male,22.06,53,15,422,3
Cat-3,Pike-17,male,21.88,52,15,420,3
Cat-3,Pike-17,neutral,21.91,52,15,419,3
Cat-3,Pike-17,neutral,22,52,15,416,3
Cat-3,Pike-17,neutral,22,52,15,416,3
Cat-3,Pike-17,neutral,22.03,52,15,415,3
Cat-3,Pike-17,neutral,22.06,52,15,414,3
Cat-3,Pike-17,neutral,21.88,51,15,412,3
Cat-3,Pike-17,neutral,21.94,51,15,410,3
Cat-3,Pike-17,male,21.97,51,15,409,3
Cat-3,Pike-17,male,22,51,15,408,3
Cat-3,Pike-17,male,22.03,51,15,407,3
Cat-3,Pike-17,female,22.03,51,15,407,4
Cat-3,Pike-17,female,22.06,51,15,406,4
Cat-3,Pike-17,female,22.06,51,15,406,4
Cat-3,Pike-17,female,22.09,51,15,405,4
Cat-3,Pike-17,female,21.91,50,15,403,4
Cat-3,Pike-17,female,21.94,50,15,402,4
Cat-3,Pike-17,female,21.97,50,15,401,4
Cat-3,Pike-17,female,22.06,50,15,398,4
Cat-3,Pike-17,female,22.09,50,15,397,4